Tên sản phẩm,Gi á,Bluetooth,Thương hiệu,Xuất xứ,Thẻ nhớ ngoài,Chipset,tốc độ CPU,Kích thước ,Công nghệ màn hình,Jack tai nghe,Loại pin,Loại sim,Trọng lượng ,RAM,Độ phân giải,ROM,Kích thước màn hình
Điện Thoại Oppo A76 (6GB/128G) - Hàng Chính Hãng,5.490.000 ₫,Có,OPPO,Trung Quốc,,Snapdragon 680 8 nhân,,164 x 75.4 x 7.85 mm,IPS LCD,,,2 nano sim,193g,6 GB,,128 GB,6.56 inch
Điện thoại Smartphone Sugar A100 2GB/16GB 4G LTE - Hàng chính hãng,1.159.000 ₫,,Sugar,,,Mediatek MT6739 4 nhân 4x1.5GHz,,,,,,,,,,,
Điện thoại Samsung Galaxy A32 (6GB/128GB) - Hàng Chính Hãng - Đã kích hoạt bảo hành điện tử,5.030.000 ₫,A2DP LE v5.0,Samsung,,MicroSD,MediaTek Helio G80,2 nhân 2.0 GHz & 6 nhân 1.8 GHz,Dài 158.9 mm - Ngang 73.6 mm - Dày 8.4 mm,Super AMOLED,3.5 mm,Li-Ion,Nano SIM,,,Full HD+ (1080 x 2400 Pixels),,6.4 inch
Điện thoại Xiaomi 11T Pro (12GB/256GB) - Hàng chính hãng,13.590.000 ₫,"A2DP, LE, v5.2",Xiaomi,Trung Quốc,,Snapdragon 888 8 nhân,"1 nhân 2.84 GHz, 3 nhân 2.42 GHz & 4 nhân 1.8 GHz",Dài 164.1 mm - Ngang 76.9 mm - Dày 8.8 mm,AMOLED,Type-C,Li-Po,Nano SIM,204 g,12GB,Full HD+ (1080 x 2400 Pixels),256GB,6.67 inch
Điện Thoại Xiaomi Redmi 9C 4GB/128GB - Hàng Chính Hãng,3.059.000 ₫,A2DP LE v5.0,Xiaomi,,MicroSD,MediaTek Helio G35 8 nhân,4 nhân 2.3 GHz & 4 nhân 1.8 GHz,Dài 164.9 mm - Ngang 77.07 mm - Dày 9 mm - Nặng 196 g,IPS LCD,,Li-Ion,Nano,196 g,4GB,HD+ (720 x 1600 pixels),128GB,6.53 inch
"Điện thoại TECNO Spark 8C (4GB/64GB) - RAM tùy biến mở rộng tới 7GB |Pin 5000 mAh| 6.6"" HD+ 90Hz - Hàng chính hãng",2.648.000 ₫,,Tecno,,,,,,,3.5mm,,,,,,,6.6 inch
Điện Thoại Nokia C20 2GB/32GB - Hàng Chính Hãng,1.929.000 ₫,"A2DP, v4.2",Nokia,,Tối đa 256 GB,Spreadtrum SC9863A 8 nhân,4 nhân 1.6 GHz & 4 nhân 1.2 GHz,"Kích thước, khối lượng:
Dài 169.9 mm - Ngang 77.9 mm - Dày 8.8 mm - Nặng 191 g",IPS LCD,3.5 mm,,Li-Ion,191g,,HD+ (720 x 1600 pixels),,6.5 inch
"Điện thoại Masstel Hapi 15 (2GB/16GB) - Hàng chính hãng, Nguyên Seal",1.399.000 ₫,có,Masstel,Việt Nam,có,Spreadtrum SC9832E,Max 1.4 GHz,,IPS,3.5,Li-ion,Micro Sim,143g,2GB,,16GB,5.45 inch
Tecno Pova 2 4GB l 64GB - Điện Thoại Thông Minh Chiến Game Cực Đỉnh - Hàng Chính Hãng,3.126.000 ₫,"Bluetooth 5.0, A2DP, LE, aptX HD",Tecno,,Micro SD,,,,"Màn hình cảm ứng điện dung IPS LCD, 16 triệu màu",3.5mm,Li-Po,Nano,,,Full HD+ (1080 x 2400 Pixels),,6.9 inch
Điện thoại Xiaomi Redmi Note 11 (4GB/128GB) - Hàng chính hãng,4.179.000 ₫,v5.0,Xiaomi,,MicroSD,Snapdragon 680 8 nhân,8 nhân 2.4 GHz,,AMOLED,3.5 mm,Li-Po,Nano SIM,179 g,,Full HD+ (1080 x 2400 Pixels),,6.43 inch
Apple iPhone 13 Pro,26.850.000 ₫,Có,Apple,Mỹ,,Apple A15 Bionic 6 nhân,3.22 GHz,146.7 x 71.5 x 7.4 mm,"OLED, Tần số quét 120 Hz, Kính cường lực Ceramic Shield",Lightning,Li-Ion,Nano SIM & eSIM,189g,6GB,1170 x 2532 pixels,128GB,6.1 inch
Điện Thoại Xiaomi Redmi Note 10S (8GB-128GB) - Hàng Chính Hãng,4.650.000 ₫,,Xiaomi,,,,,,,,,,,,,,
Điện Thoại Oppo Reno 7 5G (8GB/256G) - Hàng Chính Hãng,11.990.000 ₫,"5.2, A2DP, LE, aptX HD",OPPO,Trung Quốc,,MediaTek Dimensity 900,,164 x 75.4 x 7.85 mm,AMOLED,3.5mm,Li-Po,Nano Sim,193g,8 GB,Full HD+ (1080 x 2400 Pixels),256 GB,6.43 inch
Điện thoại Samsung Galaxy S22 Ultra 5G (8GB/128GB) - Hàng Chính Hãng,,,Samsung,,,,,,,,,,,,,,
Điện thoại Samsung Galaxy A03 (3GB/32GB) - Hàng chính hãng,2.590.000 ₫,,Samsung,,,Unisoc T606,,,,Jack 3.5 mm,,Nano SIM,,,HD+ (720 x 1600 pixels),,6.5 inch
Điện Thoại Xiaomi Redmi Note 11 4GB/128GB - Hàng Chính Hãng,4.099.000 ₫,v5.0,Xiaomi,,MicroSD,Snapdragon 680 8 nhân,8 nhân 2.4 GHz,"Kích thước: 163.6 x 75.8 x 8.8 mm, Trọng lượng: 195 g",AMOLED,3.5 mm,Li-Po,Nano SIM,179 g,4GB,Full HD+ (1080 x 2400 Pixels),128GB,6.43 inch
"Điện Thoại Nokia G10 4GB/64GB - Hàng chính hãng, nguyên seal",2.890.000 ₫,v5.0,Nokia,Ba Lan,512GB,MediaTek Helio G25 8 nhân,8 nhân 2.0 GHz,Dài 164.9 mm - Ngang 76 mm - Dày 9.2 mm - Nặng 194 g,TFT LCD,3.5 mm,,Nano,194 g,4GB,,64GB,6.5 inch
Điện thoại Tecno Spark 6 Go (4GB+64GB) - (KE5K) Pin 5000mAh | Camera kép AI 13MP | Mở khóa Khuôn mặt 2.0 | Cảm biến vân tay - Hàng Chính Hãng,2.349.000 ₫,Có,Tecno,,,MediaTek Helio A25,Octa-core (4x1.8 GHz Cortex-A53 & 4x1.5 GHz Cortex-A53),,IPS LCD,3.5mm,Li-Po,Nano,,4GB,HD+ (700 x 1600 pixels),64GB,6.52 inch
Điện thoại Samsung Galaxy A52s 5G (8GB/128GB) - Hàng chính hãng,8.480.000 ₫,,Samsung,,có,Snapdragon 778G 5G 8 nhân,"1 nhân 2.4 GHz, 3 nhân 2.2 GHz & 4 nhân 1.9 GHz",,,,,,,8 GB,Full HD+ (1080 x 2400 Pixels),128GB,6.5 inch
Điện thoại Xiaomi Redmi Note 11 Pro (8GB/128GB) - Hàng chính hãng,6.699.000 ₫,A2DP LE v5.1,Xiaomi,,MicroSD,MediaTek Helio G96 8 nhân,2 nhân 2.05 GHz & 6 nhân 2.0 GHz,,AMOLED,3.5 mm,Li-Po,Nano SIM,202 g,,Full HD+ (1080 x 2400 Pixels),,6.67 inch
Điện thoại Samsung Galaxy S22 5G (8GB/128GB) - Hàng chính hãng,,Có,Samsung,,,Snapdragon 8 Gen 1 8 nhân,,,Dynamic AMOLED 2X,Type-C,,,,8GB,Full HD+ (1080 x 2340 Pixels),128GB,6.1 inch
Điện thoại Xiaomi Redmi Note 11 Pro (8GB/128GB) - Hàng chính hãng,6.985.000 ₫,A2DP LE v5.1,Xiaomi,,MicroSD,MediaTek Helio G96 8 nhân,2 nhân 2.05 GHz & 6 nhân 2.0 GHz,Dài 164.19 mm - Ngang 76.1 mm - Dày 8.12 mm - Nặng 202 g,AMOLED,3.5 mm,,Nano,Nặng 202 g,,Full HD+ (1080 x 2400 Pixels),,6.67 inch
Điện Thoại Oppo Reno 5G (8GB/128G) - Hàng Chính Hãng,7.290.000 ₫,LE; v5.1; A2DP,OPPO,Trung Quốc,,Snapdragon 765G 8 nhân,"1 nhân 2.4 GHz, 1 nhân 2.2 GHz & 6 nhân 1.8 GHz",Dài 159.1 mm - Ngang 73.4 mm - Dày 7.9 mm,"AMOLED, 6.43"", Full HD+, Kính cường lực Corning Gorilla Glass 3+",3.5 mm,"Li-Po, sạc siêu nhanh SuperVOOC, Tiết kiệm pin","Nano SIM, Hỗ trợ 5G",175g,8 GB,Full HD+ (1080 x 2400 Pixels),128 GB,6.43 inch
Điện thoại Xiaomi Redmi Note 11 (4GB/64GB) - Hàng chính hãng,3.919.000 ₫,v5.0,Xiaomi,Trung Quốc,Có,Snapdragon 680 8 nhân,2.4 GHz,Dài 159.8 mm - Ngang 73.87 mm - Dày 8.09 mm - Nặng 179 g,AMOLED,3.5 mm,Li-Po,Nano,Nặng 179 g,4GB,Full HD+ (1080 x 2400 Pixels),64GB,6.43 inch
Điện thoại Xiaomi Redmi Note 11 (4GB/64GB) - Hàng chính hãng,3.990.000 ₫,v5.0,Xiaomi,,MicroSD,Snapdragon 680 8 nhân,2.4 GHz,Dài 159.8 mm - Ngang 73.87 mm - Dày 8.09 mm - Nặng 179 g,AMOLED,3.5 mm,Li-Po,Nano,Nặng 179 g,,,,6.43 inch
Điện thoại Samsung Galaxy S22 Plus 5G (8GB/128GB) - Hàng chính hãng,,,Samsung,,,Snapdragon 8 Gen 1 8 nhân,,,Dynamic AMOLED 2X 120Hz,Type C,,,,8GB,Full HD+ (1080 x 2340 Pixels),128GB,6.6 inch
Điện Thoại Samsung Galaxy S20 FE - Hàng Chính Hãng,10.690.000 ₫,V5.0,Samsung,Hàn Quốc,MicroSD,Snapdragon 865,"1 nhân 2.84 GHz, 3 nhân 2.42 GHz & 4 nhân 1.8 GHz",Dài 159.8 mm - Ngang 74.5 mm - Dày 8.4 mm,Super AMOLED,3.5mm,Li-Ion,Nano Sim,190g,8GB,Full HD+ (1080 x 2400 Pixels),256 GB,6.5 inch
Điện Thoại Samsung Galaxy M12 (3GB/32GB) - Hàng Chính Hãng - ĐÃ KÍCH HOẠT BẢO HÀNH ĐIỆN TỬ,2.899.000 ₫,A2DP LE v5.0,Samsung,,,Exynos 850,8 nhân 2.0 GHz,,,3.5mm,Li-Po,Nano,221 g,,,,6.5 inch
Điện thoại Samsung Galaxy S22 Plus 5G (8GB/256GB) - Hàng chính hãng,,,Samsung,,,Snapdragon 8 Gen 1 8 nhân,,,Dynamic AMOLED 2X 120Hz,Type C,,,,8GB,Full HD+ (1080 x 2340 Pixels),256GB,6.6 inch
Điện Thoại Samsung A03 3GB/32GB - Hàng Chính Hãng,2.619.000 ₫,A2DP LE v5.0,Samsung,,MicroSD,Unisoc T606 8 nhân,8 nhân 1.6 GHz,Dài 164.2 mm - Ngang 75.9 mm - Dày 9.1 mm - Nặng 196 g,PLS LCD,3.5 mm,Li-Po,Nano SIM,196g,2GB,HD+ (720 x 1600 pixels),32GB,6.5 inch
Điện thoại Samsung Galaxy A12 6GB (2021),3.890.000 ₫,v5.0,Samsung,,MicroSD,Exynos 850 8 nhân,8 nhân 2.0 GHz,Dài 164 mm - Ngang 75.8 mm - Dày 8.9 mm - Nặng 205 g,PLS TFT LCD,3.5mm,Li-ion,Nano,Nặng 205 g,6 GB,HD+ (700 x 1600 pixels),128 GB,6.5 inch
Điện thoại Samsung Galaxy S22 Ultra 5G (12GB/512GB) - Hàng Chính Hãng,29.690.000 ₫,,Samsung,,,,,,,,,,,,,,
Điện thoại Itel A26 (2GB/32GB) - Bảo hành 12 tháng - Hàng chính hãng,1.450.000 ₫,,Itel,,,,,,,,,,,,,,
Điện thoại Vsmart Aris Pro (8GB/128GB) - Hàng chính hãng,4.995.000 ₫,v5.0,Vsmart,Việt Nam,Không,Snapdragon 730 8 nhân,2 nhân 2.2 GHz & 6 nhân 1.8 GHz,Dài 156.2 mm - Ngang 75.04 mm - Dày 8.55 mm,AMOLED,3.5 mm,Pin chuẩn Li-Po - Sạc nhanh Quick Charge 3.0,Nano Sim,178 g,8GB,Full HD+ (1080 x 2340 Pixels),128GB,6.39 inch
Điện thoại Samsung Galaxy A22 (6GB/128GB) - Hàng chính hãng- Đã kích hoạt bảo hành điện tử,4.650.000 ₫,,Samsung,,1 TB,MediaTek MT6769V 8 nhân,4 nhân 2.0 GHz & 4 nhân 1.8 GHz,Dài 159.3 mm - Ngang 73.6 mm - Dày 8.4 mm,Super AMOLED,3.5mm,Li-Po,Nano,186 g,,HD+ (720 x 1600 pixels),,6.4 inch
Điện thoại Samsung Galaxy A03 (3GB/32GB) - Hàng chính hãng - Đã kích hoạt bảo hành điện tử,2.645.000 ₫,A2DP LE v5.0,Samsung,,1 TB,Unisoc T606 8 nhân,8 nhân 1.6 GHz,Dài 164.2 mm - Ngang 75.9 mm - Dày 9.1 mm - Nặng 196 g,PLS LCD,3.5 mm,Li-Po,Nano SIM,Nặng 196 g,,,,
Điện thoại Xiaomi 11T (8G/256GB) - Hàng chính hãng,9.590.000 ₫,A2DP LE v5.2,Xiaomi,,,MediaTek Dimensity 1200 8 nhân,"1 nhân 3 GHz, 3 nhân 2.6 GHz & 4 nhân 2 GHz",Dài 164.1 mm - Ngang 76.9 mm - Dày 8.8 mm - Nặng 203 g,AMOLED,Type-C,Li-Po,Nano,Nặng 203 g,8 GB,Full HD+ (1080 x 2400 Pixels),256 GB,6.67 inch
Điện thoại Samsung Galaxy S22 Ultra 5G (12GB/256GB) - Hàng Chính Hãng,26.690.000 ₫,,Samsung,,,,,,,,,,,,,,
Điện thoại Samsung Galaxy S22 Ultra (12GB/256GB) - Đã kích hoạt bảo hành điện từ - Hàng chính hãng,25.690.000 ₫,,Samsung,,,,,,,,,,,,,,
Điện thoại Samsung Galaxy A22 LTE (6GB/128GB) - Hàng Chính Hãng,4.879.000 ₫,A2DP v5.0 LE,Samsung,,MicroSD,MediaTek MT6769V 8 nhân,4 nhân 2.0 GHz & 4 nhân 1.8 GHz,,Super AMOLED,3.5 mm,Li-Po,Nano SIM,,6GB,HD+ (720 x 1600 pixels),128GB,
Điện Thoại Samsung Galaxy M51 (8GB/128GB) - Hàng Chính Hãng - Đã kích hoạt bảo hành điện tử,5.490.000 ₫,A2DP LE v5.0,Samsung,,,Snapdragon 730,2 nhân 2.2 GHz & 6 nhân 1.8 GHz,Dài 163.9 mm - Ngang 76.3 mm - Dày 9.5 mm,Super AMOLED Plus,3.5 mm,Li-Ion,Nano SIM,213 g,,Full HD+ (1080 x 2400 Pixels),,6.7 inch
Điện thoại Nokia G10 (4GB/64GB) - Hàng chính hãng,2.979.000 ₫,v5.0,Nokia,,MicroSD,MediaTek Helio G25 8 nhân,8 nhân 2.0 GHz,,IPS LCD,3.5 mm,,Nano SIM,194 g,,HD+ (700 x 1600 pixels),,6.5 inch
Điện thoại Samsung Galaxy A32 (6GB/128GB) - Hàng Chính Hãng,6.490.000 ₫,"A2DP, LE, v5.0",Samsung,Hàn Quốc,tối đa 1 TB,MediaTek Helio G80 8 nhân,2 nhân 2.0 GHz & 6 nhân 1.8 GHz,Dài 158.9 mm - Ngang 73.6 mm - Dày 8.4 mm,Super AMOLED,3.5 mm,Li-Ion,Nano SIM,184 g,6GB,Full HD+ (1080 x 2400 Pixels),128 GB,6.4 inch
Điện thoại itel Vision 1 Pro L6502 (2GB/32GB) - Hàng chính hãng,1.899.000 ₫,,OEM,Trung Quốc,,,,,,,,,,2GB,,32GB,
"Điện thoại thông minh Bphone A60, nhiếp ảnh điện toán, 2 sim, bảo mật – Hàng chính hãng",4.940.000 ₫,5.0,Bphone,Việt Nam,Hỗ trợ thẻ nhớ tới 256G,Mediatek Helio G85,6G,"75,8 x 150,6 x 7,6 mm",Full HD+,3.5mm,Lithium - Ion Polymer,Nano,400g,6G,1080 x 2312 pixels,128G,6.67 inch
Điện Thoại Samsung Galaxy M12 (4GB/64GB) - ĐÃ KÍCH HOẠT ĐIỆN TỬ - Hàng Chính Hãng,3.259.000 ₫,Bluetooth v5.0,Samsung,,,Exynos 850 (8 nhân),,,,,,,,,,,
Điện thoại OPPO A95 8GB/128GB - Hàng chính hãng,6.490.000 ₫,5.0,OPPO,Trung Quốc,256GB,"Qualcomm Snapdragon 662,",tối đa 2.0GHz,Kích thước: 160.3 x 73.8 x 7.95 mm,Amoled,1.5,,Nano,Khoảng 175g (Bao gồm pin),8GB + 5GB,,128GB,6.43 inch
Điện thoại Tecno POP 5 (2GB/32GB) - Hàng chính hãng,2.190.000 ₫,,Tecno,,,SC9863,,Kích thước: 164.87*76.09*8.75,,,,Nano SIM+Micro SIM,,,,,6.52 inch
Điện thoại Vivo Y15A (4GB/64GB) – Hàng Chính Hãng,3.220.000 ₫,Có,Vivo,Trung Quốc,,,,163.96mm x 75.2mm x 8.28mm,,,,,179g,4GB,,64GB,
Điện thoại Nokia C20 2GB/32GB - Hàng chính hãng,1.949.000 ₫,Có,Nokia,Phần Lan,Có,,4 nhân 1.6 GHz & 4 nhân 1.2 GHz,Dài 169.9 mm - Ngang 77.9 mm - Dày 8.8 mm,IPS LCD,3.5 mm,Pin rời,Nano,191 g,2GB,HD+ (720 x 1600 pixels),32GB,
Điện Thoại Oppo Reno 6 5G (8GB/128G) - Hàng Chính Hãng,8.990.000 ₫,,OPPO,Trung Quốc,,"MTK Dimensity 900 5G, tối đa 2.4GHz",,Dài 163.6 mm - Ngang 74 mm - Dày 8.3 mm,AMOLED,,,Nano Sim,193g,8GB,,128GB,6.43 inch
"Điện thoại Oukitel K15 Plus(chống sốc,chống va đập,pin 10.000mAh,ram 3Gb,Rom 32Gb) - hàng chính hãng",4.290.000 ₫,,Oukitel,,,,,,,,,,,,,,
Điện thoại Xiaomi Redmi Note 11S (8GB/128GB) - Hàng chính hãng,5.829.000 ₫,v5.0,Xiaomi,,MicroSD,MediaTek Helio G96 8 nhân,2 nhân 2.05 GHz & 6 nhân 2.0 GHz,,AMOLED,3.5 mm,Li-Po,Nano SIM,179 g,,Full HD+ (1080 x 2400 Pixels),,6.43 inch
Điện thoại thông minh Bphone A50 - Hàng chính hãng,5.490.000 ₫,5.0,Bphone,Việt Nam,MicroSD hỗ trợ tới 256GB,Mediatek Helio G85,,"75,8 x 150,6 x 7,6 mm",,3.5,Lithium - Ion Polymer,Nano sim,203g,4GB,Full HD+ (2160 x 1080 pixels),128GB,6.67 inch
Điện thoại Xiaomi Redmi 9C (4GB/128GB) - Hàng chính hãng,3.089.000 ₫,Có,Xiaomi,,Có,MediaTek Helio G35 8 nhân,4 nhân 2.3 GHz & 4 nhân 1.8 GHz,,IPS LCD,3.5 mm,Li-Ion,Nano,196 g,,Full HD+ (1080 x 2400 Pixels),,6.53 inch
Điện thoại Samsung Galaxy A53 5G (8GB/128GB) - Hàng chính hãng - ĐÃ KÍCH HOẠT BẢO HÀNH ĐIỆN TỬ,8.040.000 ₫,,Samsung,,,Exynos 1280 8 nhân,2 nhân 2.4 GHz & 6 nhân 2 GHz,Dài 159.6 mm - Ngang 74.8 mm - Dày 8.1 mm - Nặng 189 g,Super AMOLED,Type-C,Li-Ion,Nano,189 g,,Full HD+ (1080 x 2400 Pixels),,6.5 inch
"Điện thoại ITEL A48 2GB/32GB , 6.1"" HD+ , Camera kép - Hàng Chính Hãng",1.789.000 ₫,,OEM,Trung Quốc,,,,,,,,,,2GB,,32GB,6.1 inch
Điện thoại Xiaomi Redmi Note 11 (4GB/64GB) - Xanh dương nhạt - Hàng chính hãng,4.190.000 ₫,v5.0,Xiaomi,,,,,Dài 159.8 mm - Ngang 73.87 mm - Dày 8.09 mm - Nặng 179 g,AMOLED,3.5 mm,,Nano,Nặng 179 g,,Full HD+ (1080 x 2400 Pixels),,6.43 inch
Điện Thoại Oppo A15s (4GB/64G) - Hàng Chính Hãng,3.790.000 ₫,v5.0,OPPO,Trung Quốc,MicroSD,MediaTek Helio P35 8 nhân,4 nhân 2.3 GHz & 4 nhân 1.8 GHz,Dài 164 mm - Ngang 75.4 mm - Dày 7.9 mm,LCD,3.5mm,Li-Ion,Nano SIM,175g,4GB,HD+ (720 x 1600 pixels),64GB,6.52 inch
Điện thoại Samsung Galaxy A03s (4GB/64GB) - Hàng chính hãng,3.159.000 ₫,A2DP LE v4.2,Samsung,,MicroSD,MediaTek MT6765 8 nhân,4 nhân 2.3 GHz & 4 nhân 1.8 GHz,,PLS LCD,3.5,Li-Po,Nano,196 g,,HD+ (720 x 1600 pixels),,6.5 inch
Điện Thoại Samsung Galaxy Z Flip 3 (128GB) - Hàng Chính Hãng- Đã kích hoạt bảo hành,22.590.000 ₫,A2DP LE v5.1,Samsung,,,Snapdragon 888 8 nhân,,,,,,1 Nano SIM & 1 eSIM,Dài 166 mm - Ngang 72.2 mm - Dày 6.9 mm - Nặng 183 g,,,,
"Điện thoại thông minh Bphone A40 (4GB/64GB) Nhiếp ảnh điện toán , bảo mật hàng đầu – Hàng chính hãng",3.799.000 ₫,,Bphone,,,,,,,,,,,,,,
Điện Thoại Xiaomi Redmi 9C 3GB/64GB - Hàng Chính Hãng,2.649.000 ₫,"LE, A2DP, v4.2",Xiaomi,,,MediaTek Helio G35 8 nhân,4 nhân 2.3 GHz & 4 nhân 1.8 GHz,,,,,Nano Sim,,3GB,,64GB,6.53 inch
Điện thoại Samsung Galaxy A03 (3GB/32GB) - Hàng chính hãng,2.719.000 ₫,A2DP LE v5.0,Samsung,,MicroSD,Unisoc T606 8 nhân,8 nhân 1.6 GHz,,PLS LCD,3.5 mm,Li-Po,Nano SIM,196 g,,HD+ (720 x 1600 pixels),,6.5 inch
Điện thoại di động Vivo Y33s (8GB/128GB) - Hàng chính hãng,5.250.000 ₫,v5.0,Vivo,Trung Quốc,MicroSD,MediaTek Helio G80 8 nhân,2 nhân 2.0 GHz & 6 nhân 1.8 GHz,,IPS LCD,3.5 mm,,Nano SIM,182 g,8 GB,,128 GB,
Điện Thoại Realme C21Y 4GB - Hàng Chính Hãng,2.990.000 ₫,v5.0,Realme,,"MicroSD, hỗ trợ tối đa 256 GB",Spreadtrum T610 8 nhân,1.8 GHz,,IPS LCD,3.5 mm,Li-Po,2 Nano SIM,500 g,4GB,HD+ (700 x 1600 pixels),,6.5 inch
Điện Thoại Oppo A74 (8GB/128G) - Hàng Chính Hãng,5.190.000 ₫,v5.0,OPPO,Trung Quốc,MicroSD,Snapdragon 662 Octa-Core 8 nhân,2.0 GHz,Dài 163.6 mm - Ngang 74 mm - Dày 8.3 mm,AMOLED,Jack 3.5 mm,Lithium polymer,Nano SIM,193g,8 GB,Full HD+ (1080 x 2400 Pixels),128 GB,6.43 inch
Điện Thoại Tecno Spark 7T 4GB/64GB - Hàng Chính Hãng,2.789.000 ₫,v5.0,Tecno,,MicroSD,MediaTek Helio G35 8 nhân,"4 nhân 2.3 GHz, 4 nhân 1.8 GHz","Thông số
Chiều cao: 164,82mm
Chiều rộng: 76,05mm
Độ dày: 9,52mm",IPS LCD,3.5mm,,Nano SIM,206g,,HD+ (700 x 1600 pixels),,6.52 inch
"Điện thoại TECNO Spark 8C (4GB+3GB/64GB) - Pin 5000 mAh 6.6"" HD+ 90Hz - Hàng chính hãng",2.599.000 ₫,,Tecno,,,Unisoc T606,,,,,,2 Nano SIM,,4GB+3GB,,64GB,6.6 inch
Điện Thoại Samsung Galaxy A52s 5G (8GB/128GB) - Hàng chính hãng - ĐÃ KÍCH HOẠT BẢO HÀNH ĐIỆN TỬ,7.890.000 ₫,A2DP LE v5.0,Samsung,,,Snapdragon 778G 5G 8 nhân,"1 nhân 2.4 GHz, 3 nhân 2.2 GHz & 4 nhân 1.9 GHz",Dài 159.9 mm - Ngang 75.1 mm - Dày 8.4 mm - Nặng 189 g,Super AMOLED,3.5 mm,Li-Po,Nano,189 g,,Full HD+ (1080 x 2400 Pixels),,6.5 inch
Điện thoại Samsung Galaxy M22 (4GB/128GB) - Hàng chính hãng - Đã KICH HOẠT BẢO HÀNH ĐIỆN TỬ,3.920.000 ₫,,Samsung,,,MediaTek Helio G80 8 nhân,2 nhân 2.0 GHz & 6 nhân 1.8 GHz,Dài 159.9 mm - Ngang 74 mm - Dày 8.4 mm - Nặng 186 g,Super AMOLED,3.5 mm,Li-Po,Nano,186 g,,HD+ (720 x 1600 pixels),,6.4 inch
Điện thoại Xiaomi Redmi Note 11 (4GB/128GB) - Hàng chính hãng,4.250.000 ₫,v5.0,Xiaomi,,MicroSD,Snapdragon 680 8 nhân,2.4 GHz,Dài 159.8 mm - Ngang 73.87 mm - Dày 8.09 mm - Nặng 179 g,AMOLED,3.5mm,Li-Po,Nano,179 g,,Full HD+ (1080 x 2240 pixels),,6.43 inch
Điện thoại Samsung Galaxy A13 (4GB/128GB) - Hàng chính hãng - Đã kích hoạt bảo hành điện tử,3.770.000 ₫,v5.0,Samsung,,MicroSD,Exynos 850 8 nhân,2.0 GHz,Dài 165.1 mm - Ngang 76.4 mm - Dày 8.8 mm - Nặng 195 g,PLS TFT LCD,3.5 mm,Li-Po,Nano,195 g,,,,6.6 inch
Điện thoại Xiaomi Redmi 10 (4GB/128GB) - Hàng chính hãng,3.689.000 ₫,v5.1,Xiaomi,,MicroSD,MediaTek Helio G88 8 nhân,2 nhân 2.0 GHz & 6 nhân 1.8 GHz,,IPS LCD,3.5 mm,Li-Po,Nano,181g,,Full HD+ (1080 x 2400 Pixels),,6.5 inch
Điện thoại Nokia C20 2GB/32GB - Hàng chính hãng,1.990.000 ₫,,Nokia,Phần Lan,,,,,,,,2 sim Nano + MicroSD,Trọng lượng 191g,2 GB,,"32 GB e-MMC 5.1, hỗ trợ thẻ nhớ ngoài 64GB",6.5 inch
Điện thoại Nokia C20 (2GB/32GB) - Hàng Chính Hãng,1.950.000 ₫,A2DPv4.2,Nokia,,,Spreadtrum SC9863A 8 nhân,4 nhân 1.6 GHz & 4 nhân 1.2 GHz,Dài 169.9 mm - Ngang 77.9 mm - Dày 8.8 mm,IPS LCD,3.5 mm,Li-Ion,Nano,191 g,,HD+ (720 x 1600 pixels),,6.5 inch
Điện Thoại Tecno Spark 6 Go 4GB/64GB - Hàng Chính Hãng,2.529.000 ₫,"v4.2, A2DP",Tecno,,256GB,MediaTek Helo A25,4 nhân 1.8 GHz,,,3.5mm,,Nano SIM,205g,,HD+ (700 x 1600 pixels),,6.52 inch
"Điện thoại smartphone Sugar A100, music smartphone - Hàng chính hãng",1.159.000 ₫,Có,Sugar,,Có,MTK 6739,1.2Ghz,Đang cập nhật,LCD,Type C,2500mAh,2 sim,0.3,,1024 x 800 pixels,,3.5 inch
Điện Thoại Vivo Y33s 8GB/128GB - Hàng Chính Hãng,5.839.000 ₫,v5.0,Vivo,,,MediaTek Helio G80 8 nhân,2 nhân 2.0 GHz & 6 nhân 1.8 GHz,Kích thước: 164.26mm(D) x 76.08mm(R) X 8.00mm (C),IPS LCD,3.5 mm,Li-Po,Nano SIM,182 g,8GB,,128GB,
"Điện thoại itel Vision1 Pro (L6502) 3GB/32GB , 6.52"" HD+ , Camera kép - Hàng Chính Hãng",1.899.000 ₫,,OEM,Trung Quốc,,,,,,,,,179g,3GB,,32GB,6.52 inch
Điện thoại Samsung Galaxy A53 5G (8GB/128GB) - Hàng chính hãng,7.999.000 ₫,v5.1,Samsung,,MicroSD,Exynos 1280 8 nhân,2 nhân 2.4 GHz & 6 nhân 2 GHz,,Super AMOLED,Type-C,Li-Ion,Nano SIM,189 g,,Full HD+ (1080 x 2400 Pixels),,6.5 inch
Điện Thoại Realme C11 (2GB/32GB) - Hàng Chính Hãng,2.439.000 ₫,v5.0,Realme,Trung Quốc,Có,MediaTek Helio G35 8 nhân,8 nhân 2.3 Ghz,Dài 164.4 mm - Ngang 75.9 mm - Dày 9.1mm,IPS LCD,3.5 mm,Pin chuẩn Li-Po,Nano Sim,196 g,2GB,HD+ (700 x 1600 pixels),32GB,6.5 inch
Điện Thoại Oppo A15 (3GB/32G) - Hàng Chính Hãng,3.250.000 ₫,LE; v5.0; A2DP,OPPO,Trung Quốc,"MicroSD, hỗ trợ tối đa 256 GB",MediaTek Helio P35 8 nhân,4 nhân 2.3 GHz & 4 nhân 1.8 GHz,Dài 164 mm - Ngang 75.4 mm - Dày 7.9 mm,IPS LCD,3.5 mm,Li-Ion,Nano SIM,175g,3 GB,HD+ (720 x 1600 pixels),32 GB,6.52 inch
Điện thoại Samsung Galaxy Z Flip3 5G (8GB/128GB) - Hàng chính hãng - ĐÃ KÍCH HOẠT BẢO HÀNH ĐIỆN TỬ,18.890.000 ₫,A2DP LE v5.1,Samsung,,,,"1 nhân 2.84 GHz, 3 nhân 2.42 GHz & 4 nhân 1.8 GHz",Dài 166 mm - Ngang 72.2 mm - Dày 6.9 mm - Nặng 183 g,Dynamic AMOLED 2X,,,1 Nano SIM & 1 eSIM,183 g,,,,
Điện Thoại Samsung A52S 5G 8GB/128GB - Hàng Chính Hãng,7.999.000 ₫,A2DP LE v5.0,Samsung,,MicroSD,Snapdragon 778G 5G 8 nhân,"1 nhân 2.4 GHz, 3 nhân 2.2 GHz & 4 nhân 1.9 GHz",Dài 159.9 mm - Ngang 75.1 mm - Dày 8.4 mm - Nặng 189 g,Super AMOLED,3.5 mm,Li-Po,Nano SIM,189 g,,Full HD+ (1080 x 2400 Pixels),,6.5 inch
Điện Thoại Nokia C21 Plus (3GB/32GB) - Hàng Chính Hãng,2.590.000 ₫,v4.2,Nokia,Phần Lan,MicroSD,Spreadtrum SC9863A 8 nhân,4 nhân 1.6 GHz & 4 nhân 1.2 GHz,Dài 163.6 mm - Ngang 74 mm - Dày 8.3 mm,,3.5mm,Li - ion,Nano Sim,193g,3GB,HD+ (700 x 1600 pixels),32GB,6.52 inch
Điện thoại Vivo V23e (8GB/128GB) – Hàng Chính Hãng,6.960.000 ₫,Có,Vivo,Trung Quốc,,MediaTek Helio G96,,160.87mm x74.28mm x7.36mm,AMOLED,,,,172g,RAM 8GB + RAM Mở Rộng 4GB,Full HD+ (1080 x 2400 Pixels),128GB,6.44 inch
Điện Thoại Samsung Galaxy Note 20 Ultra (8GB/256GB) - ĐÃ KÍCH HOẠT BẢO HÀNH ĐIỆN TỬ - Hàng Chính Hãng,20.090.000 ₫,"LE, A2DP, v5.0",Samsung,Hàn Quốc,MicroSD,Exynos 990 8 nhân,"2 nhân 2.73 GHz, 2 nhân 2.5 GHz & 4 nhân 2.0 Ghz",Dài 164.8 mm - Ngang 77.2 mm - Dày 8.1 mm,Dynamic AMOLED 2X - Độ phân giải 2K+ (1440 x 3088 Pixels),USB Type-C,Pin chuẩn Li-Ion,Nano Sim,208 g,8GB,,256GB,6.9 inch
Điện Thoại Samsung Galaxy Note 20 Ultra 5G (12GB/256GB) - ĐÃ KÍCH HOẠT BẢO HÀNH ĐIỆN TỬ - Hàng Chính Hãng,20.650.000 ₫,V5.0,Samsung,Hàn Quốc,Micro SD,Exynos 990 8 nhân,"2 nhân 2.73 GHz, 2 nhân 2.5 GHz & 4 nhân 2.0 Ghz",Dài 164.8 mm - Ngang 77.2 mm - Dày 8.1 mm,Dynamic AMOLED 2X,Type-C,Li-Ion,Nano SIM + eSIM,208 g,12GB,2K+ (1440 x 3040 Pixels),256GB,6.9 inch
Điện Thoại Xiaomi Redmi Note 11 - Hàng Chính Hãng,4.690.000 ₫,v5.0,Xiaomi,Trung Quốc,Có,Snapdragon 680 8 nhân,2.4 GHz,Dài 159.8 mm - Ngang 73.87 mm - Dày 8.09 mm,AMOLED,3.5 mm,Li-Ion,Nano,179g,4Gb,1080 x 2312 pixels,,6.43 inch
Điện Thoại Nokia C21 Plus (3GB/64GB) - Hàng Chính Hãng,2.790.000 ₫,v4.2,Nokia,Phần Lan,MicroSD,Spreadtrum SC9863A 8 nhân,4 nhân 1.6 GHz & 4 nhân 1.2 GHz,Dài 163.6 mm - Ngang 74 mm - Dày 8.3 mm,,3.5mm,Li-ion,Nano Sim,193g,3GB,HD+ (700 x 1600 pixels),64GB,6.52 inch
Điện thoại Samsung Galaxy A32 (8GB/128GB) - Hàng chính hãng - ĐÃ KÍCH HOẠT BẢO HÀNH ĐIỆN TỬ,5.790.000 ₫,A2DP LE v5.0,Samsung,,MicroSD,MediaTek Helio G80,2 nhân 2.0 GHz & 6 nhân 1.8 GHz,Dài 158.9 mm - Ngang 73.6 mm - Dày 8.4 mm,Super AMOLED,3.5 mm,Li-Ion,Nano SIM,,,Full HD+ (1080 x 2400 Pixels),,6.4 inch
Điện thoại Samsung Galaxy S21 FE 5G (8GB/128GB) - Hàng chính hãng - ĐÃ KÍCH HOẠT BẢO HÀNH ĐIỆN TỬ,12.990.000 ₫,v5.0,Samsung,,,Exynos 2100 8 nhân,"1 nhân 2.9 GHz, 3 nhân 2.8 GHz & 4 nhân 2.2 GHz",Dài 155.7 mm - Ngang 74.5 mm - Dày 7.9 mm - Nặng 177 g,Dynamic AMOLED 2X,Type-C,Li-Ion,Nano,177 g,,Full HD+ (1080 x 2340 Pixels),,6.4 inch
Điện Thoại Samsung A73 5G 8GB/128GB - Hàng Chính Hãng,9.899.000 ₫,A2DP LE v5.0,Samsung,,MicroSD,Snapdragon 778G 5G 8 nhân,Adreno 642L,Dài 163.7 mm - Ngang 76.1 mm - Dày 7.6 mm - Nặng 181 g,Super AMOLED Plus,Type-C,Li-Po,Nano SIM (SIM 2 chung khe thẻ nhớ),181 g,,,,
Điện thoại Xiaomi 11 Lite 5G NE (8GB/128GB) - Hàng chính hãng,7.490.000 ₫,"A2DP, LE, v5.2",Xiaomi,Trung Quốc,MicroSD,Snapdragon 778G 5G 8 nhân,"1 nhân 2.4 GHz, 3 nhân 2.2 GHz & 4 nhân 1.9 GHz",160.5 mm x 75.7 mm x 6.8 mm,Kính cường lực Corning Gorilla Glass 5,Type-C,Li-Po,Nano SIM,158 g,8GB,Full HD+ (1080 x 2400 Pixels),128GB,6.55 inch
Điện thoại Xiaomi 11T (8G/128GB) - Hàng chính hãng,9.290.000 ₫,A2DP LE v5.2,Xiaomi,,,MediaTek Dimensity 1200 8 nhân,"1 nhân 3 GHz, 3 nhân 2.6 GHz & 4 nhân 2 GHz",Dài 164.1 mm - Ngang 76.9 mm - Dày 8.8 mm - Nặng 203 g,AMOLED,Type-C,Li-Po,Nano,Nặng 203 g,8 GB,Full HD+ (1080 x 2400 Pixels),128 GB,6.67 inch
Điện thoại Xiaomi Redmi 10C (4GB/128GB) - Hàng chính hãng,3.390.000 ₫,,Xiaomi,,,Snapdragon 680 8 nhân,4 nhân 2.4 GHz & 4 nhân 1.9 GHz,Dài 169 mm - Ngang 76 mm - Dày 8 mm - Nặng 180 g,IPS LCD,3.5 mm,Li-Ion,Nano,Nặng 180 g,,,,6.7 inch
Điện thoại OPPO A95 (8GB/128GB) - Hàng chính hãng,6.490.000 ₫,A2DP LE v5.0,OPPO,,MicroSD,Snapdragon 662 8 nhân,4 nhân 2.0 GHz & 4 nhân 1.8 GHz,Dài 160.3 mm - Ngang 73.8 mm - Dày 7.95 mm - Nặng 175 g,AMOLED,3.5 mm,Li-Po,Nano,Nặng 175 g,8 GB,Full HD+ (1080 x 2160 pixels),128 G,6.43 inch
Điện thoại Xiaomi Redmi 9C (4GB/128GB) - Hàng chính hãng,3.290.000 ₫,A2DP LE v5.0,Xiaomi,Trung Quốc,MicroSD,MediaTek Helio G35 8 nhân,4 nhân 2.3 GHz & 4 nhân 1.8 GHz,Dài 164.9 mm - Ngang 77.07 mm - Dày 9 mm - Nặng 196 g,IPS LCD,3.5,Li-Ion,Nanosim,Nặng 196 g,4 GB,HD+ (720 x 1600 pixels),128 GB,6.53 inch
Điện thoại Samsung Galaxy A52s 5G (8GB/128GB) - Hàng chính hãng,7.990.000 ₫,A2DP; LE; v5.0,Samsung,,,Snapdragon 778G 5G 8 nhân,2 nhân 2.4 GHz & 6 nhân 1.8 GHz,Dài 159.9 mm - Ngang 75.1 mm - Dày 8.4 mm,Super AMOLED,3.5mm,Li-Po,Nano SIM,189 g,,Full HD+ (1080 x 2400 Pixels),,6.5 inch
Điện Thoại Vivo Y15s (3GB/32GB) – Hàng Chính Hãng,2.790.000 ₫,v5.0,Vivo,Trung Quốc,,MediaTek Helio P35,,163.96mm x 75.2mm x 8.28mm,,,Li-po,,,3GB,HD+ (720 x 1600 pixels),32GB,6.5 inch
"Máy Tính Bảng Samsung Galaxy Tab A8 8"" T295 - Đã Kích Hoạt Bảo Hành - Hàng Chính Hãng",2.799.000 ₫,,Samsung,,Micro SD,Qualcomm Snapdragon 429 processor,4x2.0 GHz ARM Cortex A53,Dài 210 mm - Ngang 124.4 mm - Dày 8 mm,WUXGA TFT,3.5 mm,Lithium - Ion,Nano,347 g,2 GB,800 x 1280 pixels,32 GB,8 inch
Điện Thoại Xiaomi 11 Lite 5G NE 6GB 1 128GB - Hàng Chính Hãng,8.990.000 ₫,"v5.2, A2DP, LE",Xiaomi,Trung Quốc,Dùng chung khe sim,Snapdragon 780G (5 nm),8 nhân (1x2.4 GHz Kryo 670 & 3x2.2 GHz Kryo 670 & 4x1.90 GHz Kryo 670),,AMOLED,,Li-Po,Nano sim,0.2,6GB,,128GB,
Điện Thoại Samsung A53 5G 8GB/128GB - Hàng Chính Hãng,7.999.000 ₫,v5.1,Samsung,,MicroSD,Exynos 1280 8 nhân,2 nhân 2.4 GHz & 6 nhân 2 GHz,Dài 159.6 mm - Ngang 74.8 mm - Dày 8.1 mm - Nặng 189 g,Super AMOLED,,,Nano SIM,189 g,8GB,,128GB,6.5 inch
Điện Thoại Samsung Galaxy A52 (8GB/128GB) - Hàng Chính Hãng,8.750.000 ₫,v5.0,Samsung,Hàn Quốc,Có,Snapdragon 720G 8 nhân,2.30 GHz,Dài 159.9 mm - Ngang 75.1 mm - Dày 8.1 mm,Super AMOLED,3.5mm,Lithium polymer,Nano SIM,209 g,8GB,Full HD+ (1080 x 2400 Pixels),128GB,6.5 inch
Điện Thoại Xiaomi Redmi Note 11 Pro 5G 8GB/128GB - Hàng Chính Hãng,8.009.000 ₫,A2DP LE v5.1,Xiaomi,,MicroSD,Snapdragon 695 5G 8 nhân,2 nhân 2.2 GHz & 6 nhân 1.8 GHz,Dài 164.19 mm - Ngang 76.1 mm - Dày 8.12 mm - Nặng 202 g,AMOLED,3.5 mm,Li-Po,Nano SIM (SIM 2 chung khe thẻ nhớ),202 g,8GB,,128GB,6.67 inch
Điện thoại Xiaomi Redmi 9C (4GB/128GB) - Hàng chính hãng,3.069.000 ₫,,Xiaomi,,,MediaTek Helio G35 8 nhân,IMG PowerVR GE8320,,,,,Nano Sim,,,,,6.53 inch
Điện Thoại Samsung Galaxy A52s 5G (8GB/256GB) - ĐÃ KÍCH HOẠT ĐIỆN TỬ - Hàng Chính Hãng,10.330.000 ₫,"A2DP, LE, v5.0",Samsung,Hàn Quốc,MicroSD,Snapdragon 778G 5G 8 nhân,"1 nhân 2.4 GHz, 3 nhân 2.2 GHz & 4 nhân 1.9 GHz",Dài 159.9 mm - Ngang 75.1 mm - Dày 8.4 mm,Super AMOLED,Type-C,Li-Po,Nano SIM,Nặng 189 g,8GB,Full HD+ (1080 x 2400 Pixels),256GB,6.5 inch
Điện thoại Samsung Galaxy A03 Core (2GB/32GB) - Hàng chính hãng - ĐÃ KÍCH HOẠT BẢO HÀNH ĐIỆN TỬ,2.109.000 ₫,,Samsung,,,Spreadtrum SC9863A 8 nhân,4 nhân 1.6 GHz & 4 nhân 1.2 GHz,Dài 164.2 mm - Ngang 75.9 mm - Dày 9.1 mm,LCD,3.5 mm,,Nano,,,,,6.5 inch
Điện thoại Xiaomi Redmi Note 11S (8GB/128GB) - Hàng chính hãng,5.690.000 ₫,5.0,Xiaomi,,thẻ microSD,MediaTek Helio G96,"CPU tám nhân, lên đến 2,05GHz","Chiều dài: 159,87 mm, Chiều rộng: 73,87 mm, Độ dày: 8,09 mm, Trọng lượng: 179 g",,3.5 mm,,Nano,179 g,,Full HD+ (1080 x 2400 Pixels),,6.43 inch
Điện thoại Xiaomi 11T (8GB/128GB) - Hàng chính hãng,8.990.000 ₫,"A2DP, LE, v5.2",Xiaomi,Trung Quốc,,MediaTek Dimensity 1200 8 nhân,"1 nhân 3 GHz, 3 nhân 2.6 GHz & 4 nhân 2 GHz",Dài 164.1 mm - Ngang 76.9 mm - Dày 8.8 mm,AMOLED,Type-C,Li-Po,Nano SIM,203g,8GB,Full HD+ (1080 x 2400 Pixels),128GB,6.67 inch
Điện thoại thông minh Bphone A85 5G - Hàng chính hãng,9.490.000 ₫,,Bphone,Việt Nam,,Dimensity 810,2x2.4 GHz & 6x2.0 GHz,,"Amoled 6.6” Full HD+ , Cong vô cực",,,Nano Sim,178.63 gram,8GB,Full HD+ (1080 x 2340 Pixels),128GB,6.6 inch
Samsung Galaxy A22 - Hàng Chính Hãng,4.990.000 ₫,"A2DP, v5.0, LE",Samsung,Hàn Quốc,"MicroSD, hỗ trợ tối đa 1 TB",MediaTek MT6769V 8 nhân,4 nhân 2.0 GHz & 4 nhân 1.8 GHz,Dài 159.3 mm - Ngang 73.6 mm - Dày 8.4 mm - Nặng 186 g,Super AMOLED,3.5 mm,Li-Po,Nano SIM,186g,6GB,HD+ (720 x 1600 pixels),128 GB,6.4 inch
Điện Thoại Samsung Galaxy S21 FE 5G 8GB/128GB - Hàng Chính Hãng,12.879.000 ₫,v5.0,Samsung,,,Exynos 2100 8 nhân,"1 nhân 2.9 GHz, 3 nhân 2.8 GHz & 4 nhân 2.2 GHz",Dài 155.7 mm - Ngang 74.5 mm - Dày 7.9 mm - Nặng 177 g,Dynamic AMOLED 2X,Type-C,Li-Ion,Nano SIM,177g,8GB,Full HD+ (1080 x 2340 Pixels),128GB,6.4 inch
Điện thoại Samsung Galaxy A23 (4GB/128GB) - Hàng chính hãng - Đã kích hoạt bảo hành điện tử,4.460.000 ₫,v5.0,Samsung,,,Snapdragon 680 8 nhân,Snapdragon 680 8 nhân,Dài 165.4 mm - Ngang 76.9 mm - Dày 8.4 mm - Nặng 195 g,PLS TFT LCD,3.5 mm,Li-Po,Nano,Nặng 195 g,,,,
Điện Thoại Samsung A23 4GB/128GB - Hàng Chính Hãng,4.699.000 ₫,v5.0,Samsung,,MicroSD,Snapdragon 680 8 nhân,4 nhân 2.4 GHz & 4 nhân 1.9 GHz,Dài 165.4 mm - Ngang 76.9 mm - Dày 8.4 mm - Nặng 195 g,IPS LCD,3.5 mm,Li-Po,Nano SIM,195 g,4GB,,128GB,6.6 inch
Điện Thoại Samsung Galaxy A52s 5G (8GB/128GB) - ĐÃ KÍCH HOẠT ĐIỆN TỬ - Hàng Chính Hãng,7.490.000 ₫,"A2DP, LE, v5.0",Samsung,Hàn Quốc,MicroSD,Snapdragon 778G 5G 8 nhân,"1 nhân 2.4 GHz, 3 nhân 2.2 GHz & 4 nhân 1.9 GHz",Dài 159.9 mm - Ngang 75.1 mm - Dày 8.4 mm,Super AMOLED,Type-C,Li-Po,Nano SIM,Nặng 189 g,8GB,Full HD+ (1080 x 2400 Pixels),128GB,6.5 inch
Điện Thoại Oppo Reno 6Z 5G (8GB/128G) - Hàng Chính Hãng - Đã kích hoạt bảo hành điện tử,7.485.000 ₫,,OPPO,,,MediaTek Dimensity 800U 5G 8 nhân,2 nhân 2.4 GHz & 6 nhân 2 GHz,Dài 160.2 mm - Ngang 73.38 mm - Dày 7.97 mm - Nặng 173 g,AMOLED,3.5 mm,Li-Po,Nano,Type-C,,Full HD+ (1080 x 2400 Pixels),,6.43 inch
Điện thoại Vivo V23e (8GB/128GB) – Hàng Chính Hãng - Xanh hồng,7.990.000 ₫,Có,Vivo,Trung Quốc,,MediaTek Helio G96 8 nhân,,160.87mm x74.28mm x7.36mm,AMOLED,Type-C,Li-Po,Nano SIM,172g,RAM 8GB + RAM Mở Rộng 4GB,Full HD+ (1080 x 2400 Pixels),128GB,6.44 inch
Điện Thoại Masstel Hapi 30 3GB/32GB - Hàng Chính Hãng,1.999.000 ₫,4.2,Masstel,,Tối đa 128GB,Spreadtrum SC9863A,GE8322 550MHz," Kích thước: 159 x 76.7 x 9.65mm
Trọng lượng: 185g",IPS,3.5 mm,Li-ion,Nano,185g,3GB,HD+ (720 x 1520 Pixels),32GB,6.26 inch
Điện thoại Xiaomi Redmi 10C (4GB/64GB) - Hàng chính hãng,2.790.000 ₫,,Xiaomi,Trung Quốc,,Snapdragon 680 8 nhân,,,,3.5 mm,Li-Ion,Nano sim,180 g,,HD+ (700 x 1600 pixels),,
Điện Thoại Vivo T1X (4GB/64GB) - Hàng Chính Hãng,3.890.000 ₫,v5.0,Vivo,Trung Quốc,Có,Qualcomm Snapdragon 680,,,,,,,,4GB,,64GB,
Điện Thoại Samsung Galaxy A33 5G (6GB/128GB) - Hàng Chính Hãng - Đã kích hoạt bảo hành điện tử,6.690.000 ₫,A2DP; LE ; v5.1,Samsung,,MicroSD,Exynos 1280 8 nhân,2 nhân 2.4 GHz & 6 nhân 2 GHz,Dài 159.7 mm - Ngang 74 mm - Dày 8.1 mm,Super AMOLED,Type-C,Li-Po,Nano SIM,186 g,,Full HD+ (1080 x 2400 Pixels),,6.4 inch
Điện thoại di động Vivo Y21s (6GB/128GB) - Hàng chính hãng,4.450.000 ₫,v5.0,Vivo,Trung Quốc,MicroSD,MediaTek Helio P35 8 nhân,4 nhân 2.3 GHz & 4 nhân 1.8 GHz,Dài 164.41 mm - Ngang 76.32 mm - Dày 8.41 mm,IPS LCD,,Li-Po,Nano SIM,Nặng 191 g,6GB,HD+ (720 x 1600 pixels),128GB,6.5 inch
Điện Thoại Xiaomi Redmi 10 4GB/128GB - Hàng Chính Hãng,3.669.000 ₫,v5.1,Xiaomi,,MicroSD,MediaTek Helio G88 8 nhân,2 nhân 2.0 GHz & 6 nhân 1.8 GHz,Dài 161 mm - Ngang 75.53 mm - Dày 8.92 mm - Nặng 181g,,3.5 mm,Li-Po,Nano SIM,181g,4 GB,Full HD+ (1080 x 2400 Pixels),128GB,6.5 inch
"Điện thoại Smartphone iTel A26 (2GB/32GB) - Chụp Ảnh AI, Mở Khoá Bằng Khuôn Mặt - Hàng Chính Hãng",1.629.000 ₫,v4.2,OEM,Việt Nam,Có,Spreadtrum SC9832E; Quad-core ARM CortexTM A53,1.4GHz,,IPS,3.5mm,Lithium Ion,Nano,168g,2GB,HD+ (720 x 1520 Pixels),32GB,5.7 inch
Điện Thoại Samsung A03 Core 2GB/32GB - Hàng Chính Hãng,2.159.000 ₫,Có,Samsung,Hàn Quốc,,Unisoc T606 8 nhân,4 nhân 1.6 GHz & 4 nhân 1.2 GHz,,,,,,,,,,
[HÀNG CHÍNH HÃNG QUỐC TẾ] Điện Thoại Xiaomi Black Shark 4 (12GB/128GB),9.990.000 ₫,Có,Black Shark,,,Bộ vi xử lý Snapdragon 870,,,,3.5,Pin đôi 4500mah,,1,,,,
"Điện thoại thông minh Bphone A50, nhiếp ảnh điện toán, 2 sim 2 sóng, bảo mật hàng đầu – Hàng chính hãng",4.390.000 ₫,Bluetooth 5.0,Bphone,Việt Nam,Có,Mediatek Helio G85,,,Full HD+,3.5mm,Lithium - Ion Polymer,Nano,203g,4GB,1080 x 2160 pixels,128GB,6.67 inch
[Hàng Chính Hãng Quốc tế] Điện Thoại Xiaomi Black Shark 4 (8GB/128GB),11.850.000 ₫,có,Black Shark,,,Bộ vi xử lý Snapdragon 870,,,,3.5,4500mAh,Dual,1 kg,,,,
Điện Thoại Vivo Y21 4GB/64GB - Hàng Chính Hãng,3.679.000 ₫,"A2DP, LE, v5.0",Vivo,,MicroSD,MediaTek Helio P35 8 nhân,4 nhân 2.3 GHz & 4 nhân 1.8 GHz,"Kích thước, khối lượng:
Dài 164.26 mm - Ngang 76.08 mm - Dày 8 mm - Nặng 182 g",IPS LCD,,Li-Po,,182g,4GB,,64GB,6.5 inch
Điện Thoại Xiaomi Redmi 9C 3GB/64GB - Hàng Chính Hãng,2.639.000 ₫,"A2DP, LE , v5.0",Xiaomi,,"MicroSD, hỗ trợ tối đa 512 GB",MediaTek Helio G35 8 nhân,4 nhân 2.3 GHz & 4 nhân 1.8 GHz,,,3.5mm,Li-Ion,Nano sim,0.5,3GB,HD+ (700 x 1600 pixels),64GB,6.53 inch
Điện Thoại Samsung Galaxy A73 5G (8GB/128GB) - Hàng chính hãng - ĐÃ KÍCH HOẠT BẢO HÀNH ĐIỆN TỬ,9.619.000 ₫,A2DP; LE; v5.0,Samsung,,MicroSD,Snapdragon 778G 5G 8 nhân,4 nhân 2.4 GHz & 4 nhân 1.8 GHz,Dài 163.7 mm - Ngang 76.1 mm - Dày 7.6 mm,Super AMOLED Plus,Type-C,Li-Po,Nano SIM (SIM 2 chung khe thẻ nhớ),181 g,,Full HD+ (1080 x 2440 Pixels),,6.7 inch
Điện Thoại Samsung Galaxy A03s (4GB/64GB) - Hàng Chính Hãng - Đã kích hoạt bảo hành điện tử,2.990.000 ₫,,Samsung,,,MediaTek MT6765 8 nhân,4 nhân 2.3 GHz & 4 nhân 1.8 GHz,Dài 164 mm - Ngang 7.6 mm - Dày 9.1 mm - Nặng 196 g,PLS LCD,3.5 mm,Li-Po,Nano,196 g,,HD+ (700 x 1600 pixels),,6.5 inch
"Điện thoại thông minh Bphone A40, nhiếp ảnh điện toán, 2 sim, bảo mật – Hàng chính hãng",3.799.000 ₫,5.0,Bphone,,256G,Mediatek Helio G85,,"75,8 x 150,6 x 7,6 mm",Full HD+,Jack 3.5mm,Lithium - Ion Polymer,Nano,400g,,1080 x 2312 pixels,,6.67 inch
Điện thoại Xiaomi 11 Lite 5G NE - Hàng chính hãng,8.190.000 ₫,A2DP LE v5.2,Xiaomi,,MicroSD,Snapdragon 778G 5G 8 nhân,"1 nhân 2.4 GHz, 3 nhân 2.2 GHz & 4 nhân 1.9 GHz",Dài 160.5 mm - Ngang 75.7 mm - Dày 6.8 mm - Nặng 158 g,AMOLED,Type-C,Li-Po,Nano,Nặng 158 g,8 GB,Full HD+ (1080 x 2400 Pixels),128 GB,6.55 inch
Điện thoại Nokia C20 (2GB/16GB) - Hàng Chính Hãng,1.680.000 ₫,A2DPv4.2,Nokia,,,Spreadtrum SC9863A 8 nhân,4 nhân 1.6 GHz & 4 nhân 1.2 GHz,Dài 169.9 mm - Ngang 77.9 mm - Dày 8.8 mm,IPS LCD,3.5 mm,Li-Ion,Nano,191 g,,HD+ (720 x 1600 pixels),,6.5 inch
Điện thoại Xiaomi Redmi 10C (4GB/128GB) - Hàng chính hãng,3.369.000 ₫,A2DP LE v5.2,Xiaomi,,MicroSD,Snapdragon 680 8 nhân,4 nhân 2.4 GHz & 4 nhân 1.9 GHz,,IPS LCD,3.5 mm,Li-Ion,Nano SIM,180 g,,HD+ (720 x 1600 pixels),,6.7 inch
Điện Thoại Samsung Galaxy A12 (4GB/128GB) - ĐÃ KÍCH HOẠT BẢO HÀNH ĐIỆN TỬ - Hàng Chính Hãng,3.649.000 ₫,v5.0,Samsung,Hàn Quốc,"MicroSD, hỗ trợ tối đa 1 TB",MediaTek Helio G35 8 nhân,8 nhân 2.3 GHz,,PLS TFT LCD,3.5 mm,,,205g,4 GB,HD+ (720 x 1600 pixels),128 GB,
Điện thoại Realme C11 2021 (4GB/64GB) - Hàng chính hãng,3.479.000 ₫,A2DP LE v4.2,Realme,,MicroSD,Spreadtrum SC9863A 8 nhân,4 nhân 1.6 GHz & 4 nhân 1.2 GHz,,IPS LCD,3.5 mm,Li-Po,Nano SIM,190 g,,HD+ (720 x 1600 pixels),,6.5 inch
[Gift] Bao da tích hợp bàn phím (loại tinh gọn) dành cho Galaxy Tab S8 Plus (12.4 in) màu đen - Hàng Chính Hãng,4.000.000 ₫,,Samsung,,,,,,,,,,,,,,
Điện Thoại Vivo Y21 (4GB/64GB) - Hàng Chính Hãng,3.380.000 ₫,"A2DP, LE, v5.0",Vivo,Trung Quốc,MicroSD,MediaTek Helio P35 8 nhân,,Dài 164.26 mm - Ngang 76.08 mm - Dày 8 mm - Nặng 182 g,IPS LCD,3.5mm,Li-Po,Nano SIM,,4GB,HD+ (720 x 1600 pixels),64GB,
Điện Thoại Xiaomi Redmi Note 11 4GB/64GB - Hàng Chính Hãng,3.890.000 ₫,"5.0, A2DP, LE",Xiaomi,,,Snapdragon 680 8 nhân,,"Kích thước: 163.6 x 75.8 x 8.8 mm, Trọng lượng: 195 g",AMOLED,,Li-Po,Nano-SIM,195 g,4GB,,64GB,6.43 inch
Điện Thoại Xiaomi Redmi Note 10 Pro (8GB/128GB) - Hàng Chính Hãng,7.490.000 ₫,v5.1,Xiaomi,Trung Quốc,MicroSD,Snapdragon 732G,2 nhân 2.3 GHz & 6 nhân 1.8 GHz,Dài 164 mm - Ngang 76.5 mm - Dày 8.1 mm,AMOLED,Jack 3.5 mm,Li-Ion,Nano SIM,193g,8GB,Full HD+ (1080 x 2400 Pixels),128GB,6.67 inch
Điện Thoại iPhone 11 64GB - Hàng Chính Hãng,21.990.000 ₫,v5.0,Apple,,,Apple A13 Bionic,,150.9 x 75.7 x 8.3 mm,IPS LCD/ Liquid Retina HD,Lightning,3110 mAh,"1 Nano SIM , 1 esim",194 g,4GB,HD (828 x 1792 pixels),64GB,6.1 inch
Điện Thoại Vivo V23 5G (8GB/128GB) - Hàng Chính Hãng,10.990.000 ₫,v5.2,Vivo,Trung Quốc,,MediaTek Dimensity 920 5G 8 nhân,2 nhân 2.5 GHz & 6 nhân 2 GHz,,"AMOLED, Tần số quét 90 Hz,",Type-C,Li-Po,Nano SIM,181 g,8 GB,Full HD+ (1080 x 2400 Pixels),128 GB,6.44 inch
Điện thoại Samsung Galaxy S22 Ultra 5G 8GB/128GB - Hàng chính hãng - ĐÃ KÍCH HOẠT BẢO HÀNH ĐIỆN TỬ,24.490.000 ₫,v5.2,Samsung,,,Snapdragon 8 Gen 1 8 nhân,"1 nhân 3 GHz, 3 nhân 2.5 GHz & 4 nhân 1.79 GHz",Dài 163.3 mm - Ngang 77.9 mm - Dày 8.9 mm - Nặng 228 g,Dynamic AMOLED 2X,Type-C,Li-Ion,Nano,228 g,,2K+ (1440 x 3120 Pixels),,6.8 inch
Điện thoại Vivo X50 - Hàng Chính Hãng,11.590.000 ₫,v5.1,Vivo,Trung Quốc,,Snapdragon 730 8 nhân,2 nhân 2.2 GHz & 6 nhân 1.8 GHz,159.5mm x 75.4mm x 7.5mm,AMOLED,Type-C,Li-Po,Nano sim,173g,8GB,Full HD+ (1080 x 2376 Pixels),128GB,6.56 inch
Apple iPhone SE 2022,11.750.000 ₫,Có,Apple,Mỹ,,Apple A15 Bionic,,Dài 138.4 mm - Ngang 67.3 mm - Dày 7.3 mm - Nặng 144 g,Retina IPS LCD,,,Nano Sim,144g,3GB,750 x 1334 pixels,64GB,4.7 inch
Điện Thoại Vivo Y12s 3GB/32GB - Hàng Chính Hãng,3.169.000 ₫,v4.2,Vivo,,MicroSD,Snapdragon 439 8 nhân,2 nhân 1.95 GHz & 6 nhân 1.45 GHz,"Kích thước, khối lượng:
Dài 164.41 mm - Ngang 76.32 mm - Dày 8.41 mm - Nặng 191 g",IPS LCD,3.5 mm,Li-Po,Nano SIM,191g,3GB,,32GB,6.5 inch
Điện Thoại Xiaomi 11T Pro 5G 12GB l 256GB - Hàng Chính Hãng,14.990.000 ₫,v5.2,Xiaomi,Trung Quốc,không hổ trợ,Qualcomm Snapdragon 888 5nm,"Kryo 680 CPU, up to 2.84GHz",,AMOLED,Type-C,Li-Po,Nano sim,0.2,12GB,Full HD+ (1080 x 2400 Pixels),256GB,6.67 inch
Điện Thoại Xiaomi 11T 5G 8GB l 128GB - Hàng Chính Hãng,10.990.000 ₫,v5.2,Xiaomi,,không hổ trợ,MediaTek Dimensity 1200 8 nhân,"1 nhân 3 GHz, 3 nhân 2.6 GHz & 4 nhân 2 GHz",,AMOLED,Type-C,Li-Po,Nano sim,0.3,,Full HD+ (1080 x 2400 Pixels),,6.67 inch
Điện Thoại Oppo A55 4GB/64GB - Hàng Chính Hãng,4.069.000 ₫,"A2DP, LE, v5.0",OPPO,,MicroSD,MediaTek Helio G35 8 nhân,4 nhân 2.3 GHz & 4 nhân 1.8 GHz,"Kích thước, khối lượng:
Dài 163.6 mm - Ngang 75.7 mm - Dày 8.4 mm - Nặng 193 g",IPS LCD,3.5 mm,Li-Po,Nano SIM,193g,4GB,,64GB,6.5 inch
Điện thoại Samsung Galaxy A03 (4GB/64GB) - Hàng chính hãng - Đã kích hoạt bảo hành điện tử,2.939.000 ₫,,Samsung,,,,,Dài 164.2 mm - Ngang 75.9 mm - Dày 9.1 mm - Nặng 196 g,,3.5 mm,Li-Po,Nano,Nặng 196 g,,,,
Điện Thoại Xiaomi Redmi Note 11S 8GB/128GB - Hàng Chính Hãng,5.829.000 ₫,v5.0,Xiaomi,,,MediaTek Helio G96 8 nhân,Mali-G57 MC2,Dài 159.87 mm - Ngang 73.87 mm - Dày 8.09 mm - Nặng 179 g,AMOLED,3.5 mm,Li-Po,Nano SIM,179 g,8 GB,Full HD+ (1080 x 2400 Pixels),128 GB,6.43 inch
Điện Thoại Vsmart Joy 4 - Hàng Chính Hãng,3.190.000 ₫,V5.0,Vsmart,Việt Nam,Micro SD,Snapdragon 665 8 nhân,4 nhân 2.0 GHz & 4 nhân 1.8 GHz,Dài 163.65 mm - Ngang 77.65 mm - Dày 9.15 mm,LTPS IPS LCD,3.5mm,Pin chuẩn Li-Po,Nano Sim,216.4g,4GB/3GB,Full HD+ (1080 x 2340 Pixels),64GB,6.53 inch
Điện thoại Samsung Galaxy S21 FE 5G (8GB/128GB) - Hàng chính hãng,12.989.000 ₫,v5.0,Samsung,,Không,Exynos 2100 8 nhân,"1 nhân 2.9 GHz, 3 nhân 2.8 GHz & 4 nhân 2.2 GHz",,Dynamic AMOLED 2X,Type-C,Li-Ion,Nano SIM,177 g,,Full HD+ (1080 x 2340 Pixels),,6.4 inch
Điện Thoại Samsung Galaxy M12 (4GB/64GB) - Hàng Chính Hãng - Đã kích hoạt bảo hành điện tử,3.320.000 ₫,A2DP LE v5.0,Samsung,,MicroSD,Exynos 850,8 nhân 2.0 GHz,,,3.5 mm,Li-Po,Nano SIM,221 g,,HD+ (700 x 1600 pixels),,6.5 inch
Điện Thoại Samsung A13 4GB/128GB - Hàng Chính Hãng,3.789.000 ₫,v5.0,Samsung,,MicroSD,Exynos 850 8 nhân,2.0 GHz,Dài 165.1 mm - Ngang 76.4 mm - Dày 8.8 mm - Nặng 195 g,IPS LCD,3.5 mm,Li-Po,Nano SIM,195 g,4GB,,128GB,6.6 inch
"[GAMING PHONE] Điện thoại Redmagic 6R 8/128GB- Hỗ trợ Tiếng Việt | Chơi Game cực đỉnh | Snapdragon 888 5G | Màn hình AMOLED 6.67"" |Pin 4200 mAh | Sạc nhanh 30W - Hàng Chính Hãng",9.790.000 ₫,Có,Nubia,,,,,,,Không,"Li-Po 4200 mAh, non-removable",Nano-SIM,186 g,128GB,1080 x 2312 pixels,8GB,6.67 inch
Điện Thoại Realme C21Y 3GB/32GB - Hàng Chính Hãng,2.559.000 ₫,v5.0,Realme,,MicroSD,Spreadtrum T610 8 nhân,1.8 GHz,"Kích thước, khối lượng:
Dài 164.5 mm - Ngang 76 mm - Dày 9.1 mm - Nặng 194 g",IPS LCD,,Li-Po,,194g,3GB,,32GB,6.5 inch
Điện Thoại OPPO RENO7 4G (8GB/128GB) - Hàng Chính Hãng,8.490.000 ₫,5.1,OPPO,,MicroSD,Qualcomm Snapdragon 680,tối đa 2.4GHz,,AMOLED,3.5mm,Li-Po,Nano SIM,175g,8GB,Full HD+ (1080 x 2240 pixels),256GB,6.4 inch
Điện thoại Vivo Y20 2021 (4GB/64GB) - Hàng chính hãng,3.799.000 ₫,v5.0,Vivo,,512 GB,MediaTek Helio P35 8 nhân,4 nhân 2.3 GHz & 4 nhân 1.8 GHz,,IPS LCD,3.5 mm,Li-Po,Nano SIM,192 g,,HD+ (720 x 1600 pixels),,
"Điện Thoại Masstel IZi 300 chữ to loa to, Pin trâu 2500 mah - Hàng chính hãng",499.000 ₫,Có,Masstel,Việt Nam,,,,,,,,,,No,,,
Điện thoại Samsung Galaxy S22 Ultra (12GB/512GB) - Đã kích hoạt bảo hành điện tử - Hàng chính hãng,28.690.000 ₫,,Samsung,,,,,,,,,,,,,,
Điện thoại Samsung Galaxy A52s 5G (8GB/128GB) - Hàng chính hãng,7.999.000 ₫,"v5.2, A2DP, LE",Samsung,,MicroSD,Snapdragon 778G,"1 nhân 2.4 GHz, 3 nhân 2.2 GHz và 4 nhân 1.9 GHz",,Super AMOLED,Type-C,Li-Po,Nano SIM,189g,,Full HD+ (1080 x 2248 pixels),,6.5 inch
Điện Thoại Samsung Galaxy S22 Ultra 5G (12GB/256GB) - ĐÃ KÍCH HOẠT ĐIỆN TỬ - Hàng Chính Hãng,25.390.000 ₫,v5.2,Samsung,Hàn Quốc,,Snapdragon 8 Gen 1 8 nhân,"1 nhân 3 GHz, 3 nhân 2.5 GHz & 4 nhân 1.79 GHz",Dài 163.3 mm - Ngang 77.9 mm - Dày 8.9 mm,Dynamic AMOLED 2X,Type-C,Li-Ion,2 Nano SIM hoặc 1 Nano SIM + 1 eSIM,228 g,12 GB,,256 GB,6.8 inch
Điện thoại Samsung Galaxy S20 FE (8GB/256GB) - Hàng chính hãng,11.659.000 ₫,LE A2DP v5.0,Samsung,,MicroSD,Snapdragon 865 8 nhân,"1 nhân 2.84 GHz, 3 nhân 2.42 GHz & 4 nhân 1.8 GHz","Màn hình: Super AMOLED, 6.5"", Full HD+",Super AMOLED,Type-C,Li-Ion,Nano SIM (SIM 2 chung khe thẻ nhớ),190 g,,Full HD+ (1080 x 2400 Pixels),,6.5 inch
Điện Thoại Bphone 3 - Hàng Chính Hãng,6.990.000 ₫,"A2DP, LE, v5.0",Bphone,,MicroSD,,1.8 GHz,152 x 75.3 x 7.5 mm,IPS LCD,,Pin chuẩn Li-Po,Nano sim,160 g,3 GB,Full HD+ (2160 x 1080 pixels),32 GB,6 inch
Điện thoại Samsung Galaxy S22 Plus 5G (8GB/128GB) - Hàng chính hãng - ĐÃ KÍCH HOẠT BẢO HÀNH ĐIỆN TỬ,21.699.000 ₫,A2DP LE v5.2,Samsung,,,Snapdragon 8 Gen 1 8 nhân,"1 nhân 3 GHz, 3 nhân 2.5 GHz & 4 nhân 1.79 GHz",Dài 146 mm - Ngang 70.6 mm - Dày 7.6 mm - Nặng 167 g,Dynamic AMOLED 2X,Type-C,Li-Ion,Nano,Nặng 195 g,,Full HD+ (1080 x 2340 Pixels),,6.6 inch
Điện thoại Samsung Galaxy S22 5G (8GB/128GB ) - Hàng chính hãng - ĐÃ KÍCH HOẠT BẢO HÀNH ĐIỆN TỬ,16.390.000 ₫,v5.2,Samsung,,,Snapdragon 8 Gen 1 8 nhân,"1 nhân 3 GHz, 3 nhân 2.5 GHz & 4 nhân 1.79 GHz",Dài 146 mm - Ngang 70.6 mm - Dày 7.6 mm - Nặng 167 g,Dynamic AMOLED 2X,Type-C,Li-Ion,Nano,Nặng 167 g,,Full HD+ (1080 x 2340 Pixels),,6.1 inch
Điện Thoại ZTE Nubia RedMagic 6s Pro Cyborg 12GB l 128GB - Hàng Chính Hãng,16.290.000 ₫,5.1,ZTE,China,,Qualcomm Snapdragon 888+ 5G,1x3.0 GHz Kryo 680 & 3x2.42 GHz Kryo 680 & 4x1.80 GHz Kryo 680,,AMOLED,3.5,Li-Po 5050 mAh,Nano-SIM,215g,12GB,Full HD+ (1080 x 2400 Pixels),128GB,6.8 inch
"Điện thoại oukitel k15 pro (chống sốc,pin khủng,pin 10.000mAh ,Ram 6Gb,Rom 128Gb) – hàng chính hãng",5.990.000 ₫,"Bluetooth 5, Bluetooth HID",Oukitel,,,,MT6771 Octa Core,,,,,nano,320,6Gb,HD+ (720 x 1600 pixels),128Gb,6.52 inch
Điện thoại Vivo Y51 (8GB/128GB) - Hàng chính hãng,5.649.000 ₫,v5.0 LE A2DP,Vivo,,MicroSD,Snapdragon 662 8 nhân,4 nhân 2.0 GHz & 4 nhân 1.8 GHz,,IPS LCD,3.5 mm,Li-Po,Nano SIM,188 g,,2040 x1080 pixels,,
Điện Thoại Oppo A15s 4GB/64GB - Hàng Chính Hãng,3.939.000 ₫,v5.0,OPPO,,MicroSD,MediaTek Helio P35 8 nhân,4 nhân 2.3 GHz & 4 nhân 1.8 GHz,"Kích thước, khối lượng:
Dài 164 mm - Ngang 75.4 mm - Dày 7.9 mm - Nặng 175 g",LCD,3.5 mm,Li-Ion,Nano SIM,175 g,4GB,,64GB,6.52 inch
"Điện thoại Bphone A60 (Ram 6Gb,Rom 128 Gb,màn hình đục lổ FHD 6.7inch , pin 5.000mAh ) - Hàng chính hãng",5.390.000 ₫,Bluetooth 5.0,Bphone,,,Mediatek Helio G85,,,,,Lithium - Ion Polymer,NANO,203 gram,6,,128,6.67 inch
Điện thoại Nokia G21 4GB/128GB - Hàng chính hãng,3.690.000 ₫,v5.0,Nokia,Việt Nam,Có,Unisoc T606 8 nhân,1.6 GHz,Dài 164.6 mm - Ngang 75.9 mm - Dày 8.5 mm,TFT LCD,3.5mm,Li-Ion,Nano,190g,4GB,,128GB,6.5 inch
Điện Thoại Samsung Galaxy S21 FE 5G 8GB/256GB - Hàng Chính Hãng,14.909.000 ₫,v5.0,Samsung,,,Exynos 2100 8 nhân,"1 nhân 2.9 GHz, 3 nhân 2.8 GHz & 4 nhân 2.2 GHz",Dài 155.7 mm - Ngang 74.5 mm - Dày 7.9 mm - Nặng 177 g,Dynamic AMOLED 2X,Type-C,Li-Ion,Nano SIM,177 g,8GB,Full HD+ (1080 x 2340 Pixels),256GB,
"Điện thoại Ulefone Armor 14 (chống nước,chống va đập,pin khủng,pin 10.000mAh,Ram 4Gb,Rom 64Gb)- hàng chính hãng",5.490.000 ₫,Bluetooth 5.0,Ulefone,,thẻ nhớ microSD Lên đến 1TB,,,,,,,nano,358.2,,HD+ (720 x 1600 pixels),,6.52 inch
Điện Thoại ZTE Blade A31 Plus 2GB l 32GB - Hàng Chính Hãng,1.890.000 ₫,,ZTE,,,,,,,3.5mm,,nano,0.2,,HD+ (720 x 1440 pixels),,6 inch
Điện Thoại ZTE Blade A51 3GB l 64GB - Hàng Chính Hãng,2.590.000 ₫,,ZTE,,,,,,,3.5mm,,nano,0.2,,HD+ (720 × 1480 Pixels),,6 inch
Điện thoại Samsung Galaxy S20 FE 8GB/256GB Xanh - Hàng chính hãng,10.990.000 ₫,Có,Samsung,,,,,,,Có,,,,8GB,,256GB,6.5 inch
Điện thoại Xiaomi Redmi Note 11 Pro 5G (8GB/128GB) - Hàng chính hãng,8.080.000 ₫,A2DP LE v5.1,Xiaomi,,,Snapdragon 695 5G 8 nhân,2 nhân 2.2 GHz & 6 nhân 1.8 GHz,Dài 164.19 mm - Ngang 76.1 mm - Dày 8.12 mm - Nặng 202 g,AMOLED,3.5 mm,Li-Po,Nano,Nặng 202 g,,,,6.67 inch
Điện thoại Samsung Galaxy A73 5G (8GB/128GB) - Hàng chính hãng,9.989.000 ₫,A2DP LE v5.0,Samsung,,MicroSD,Snapdragon 778G 5G 8 nhân,4 nhân 2.4 GHz & 4 nhân 1.8 GHz,,Super AMOLED Plus,Type-C,5000 mAh,Nano SIM,181 g,,Full HD+ (1080 x 2400 Pixels),,6.7 inch
Điện Thoại Samsung A33 5G 6GB/128GB - Hàng Chính Hãng,6.549.000 ₫,A2DP LE v5.1,Samsung,,MicroSD,Exynos 1280 8 nhân,2 nhân 2.4 GHz & 6 nhân 2 GHz,Dài 159.7 mm - Ngang 74 mm - Dày 8.1 mm - Nặng 186 g,Super AMOLED,Type-C,Li-Po,Nano SIM (SIM 2 chung khe thẻ nhớ),186 g,,,,6.4 inch
Điện Thoại Oppo A16k 3GB/32GB - Hàng Chính Hãng,3.290.000 ₫,v5.0,OPPO,,MicroSD,MediaTek Helio G35 8 nhân,4 nhân 2.3 GHz & 4 nhân 1.8 GHz,Dài 164 mm - Ngang 75.4 mm - Dày 7.85 mm - Nặng 175 g,IPS LCD,3.5 mm,Li-Po,Nano SIM,175g,3GB,HD+ (720 x 1600 pixels),32GB,6.52 inch
Điện thoại Xiaomi Redmi Note 11 Pro 5G (8GB/128GB) - Hàng chính hãng,8.059.000 ₫,A2DP LE v5.1,Xiaomi,,MicroSD,Snapdragon 695 5G 8 nhân,2 nhân 2.2 GHz & 6 nhân 1.8 GHz,,AMOLED,3.5 mm,Li-Po,Nano SIM,202 g,,Full HD+ (1080 x 2400 Pixels),,6.67 inch
Điện thoại Samsung Galaxy S22 Ultra 5G 12GB/256GB - Hàng chính hãng - ĐÃ KÍCH HOẠT BẢO HÀNH ĐIỆN TỬ,26.890.000 ₫,v5.2,Samsung,,,Snapdragon 8 Gen 1 8 nhân,"1 nhân 3 GHz, 3 nhân 2.5 GHz & 4 nhân 1.79 GHz",Dài 163.3 mm - Ngang 77.9 mm - Dày 8.9 mm - Nặng 228 g,Dynamic AMOLED 2X,Type-C,Li-Ion,Nano,228 g,,,,6.8 inch
"Điện thoại Nubia Redmagic 6S Pro - (12+128GB/16+256GB) | Hỗ trợ Tiếng Việt | Snapdragon 888 | Màn hình AMOLED 6.8"" |Pin 5050 mAh | Sạc nhanh 66W - Chơi Game cực đỉnh - Hàng Chính Hãng",16.390.000 ₫,,Nubia,,,,,,,,,,,,,,
Điện Thoại Vivo Y20 4GB/64GB - Hàng Chính Hãng,3.599.000 ₫,"A2DP, LE, v5.0",Vivo,,MicroSD,Snapdragon 460 8 nhân,4 nhân 1.8 GHz & 4 nhân 1.6 GHz,"Kích thước, khối lượng:
Dài 164.41 mm - Ngang 76.32 mm - Dày 8.41 mm - Nặng 192.3 g",IPS LCD,3.5 mm,Li-Po,Nano SIM,192.3 g,4GB,,64GB,6.5 inch
"Điện thoại OUKITEL WP16 (pin 10.600mAh, Ram 8Gb,Rom 128Gb, màn hình 6,39 in , Android 11, Máy ảnh nhìn ban đêm 20MP, chống nước IP68,chống va đập, hai SIM 4G, NFC..) – hàng chính hãng",6.990.000 ₫,"Bluetooth 5.0, Bluetooth HID",Oukitel,,,,,,,,Lithium-ion polymer,nano,380,,HD+ (720 x 1560 Pixels),,6.39 inch
Điện Thoại Xiaomi Redmi 9A (2GB/32GB)- Đã kích hoạt bảo hành điện tử- Hàng Chính Hãng - Peacock Green,2.070.000 ₫,"A2DP, LE",Xiaomi,,512GB,MediaTek Helio G25 8 nhân,8 nhân 2.0 GHz,Dài 164.9 mm - Ngang 77.07 mm - Dày 9 mm ,IPS LCD,3.5 mm,Pin chuẩn Li-Ion,2 Nano SIM,194g,2GB,HD+ (700 x 1600 pixels),32GB,6.53 inch
Điện Thoại Oppo Reno5 5G (8GB/128G) - Hàng Chính Hãng,8.490.000 ₫,,OPPO,,,,,Dài 159.1 mm - Ngang 73.4 mm - Dày 7.9 mm - Nặng 180 g,,3.5 mm,Li-po,Nano,180 g,,,,
"Điện thoại XIAOMI X4 PRO 5G 6.67""/SNAP695 5G/8G/256G/108+8+2MP/16MP/5000mAh",6.290.000 ₫,,Xiaomi,Trung Quốc,,SnapDragon 695,,,AMOLED,,,Nano sim,,6GB/8GB,Full HD+ (1080 x 2400 Pixels),128GB/256GB,6.67 inch
Điện thoại Vivo V23e (8GB/128GB) - Hàng chính hãng,6.779.000 ₫,v5.2,Vivo,,MicroSD,MediaTek Helio G96 8 nhân,2 nhân 2.05 GHz & 6 nhân 2.0 GHz,,AMOLED,Type-C,Li-Po,2,172 g,,Full HD+ (1080 x 2400 Pixels),,6.44 inch
Điện thoại OPPO Reno7 Z 5G - HÀNG CHÍNH HÃNG,9.290.000 ₫,v5.1,OPPO,,,Snapdragon 695 5G 8 nhân,2.2 GHz,Dài 159.85 mm - Ngang 73.17 mm - Dày 7.49 mm - Nặng 173 g,AMOLED,3.5 mm,Li-Po,Nano,Nặng 173 g,,,,6.43 inch
Điện thoại Samsung Galaxy A33 5G (6GB/128GB) - Hàng chính hãng,6.649.000 ₫,A2DP LE v5.1,Samsung,,MicroSD,Exynos 1280 8 nhân,2 nhân 2.4 GHz & 6 nhân 2 GHz,,Super AMOLED,Type-C,Li-Po,Nano SIM,186 g,,Full HD+ (1080 x 2400 Pixels),,6.4 inch
Điện thoại Xiaomi Redmi Note 11 (6GB/128GB) - Xanh dương đậm - Hàng chính hãng,4.990.000 ₫,,Xiaomi,,,,,Dài 159.8 mm - Ngang 73.87 mm - Dày 8.09 mm ,AMOLED,3.5 mm,,Nano,Nặng 179 g,,Full HD+ (1080 x 2400 Pixels),,6.43 inch
Điện Thoại Nokia C21 Plus 2GB/32GB - Hàng Chính Hãng,2.389.000 ₫,Bluetooth 4.2,Nokia,,,SC9863A Octa-core với xung nhịp lên đến 1.6Ghz,,Kích thước: 164.8 x 75.9 X 8.55 mm,,3.5mm,,Nano SIM,178g,2GB,,32GB,6.5 inch
Bút Spen Samsung S22 Ultra - Hàng Chính Hãng,990.000 ₫,,Samsung,,,,,,,,,,,,,,
Điện thoại Samsung Galaxy S22 Ultra (8GB/128GB) - Hàng chính hãng,25.619.000 ₫,v5.2,Samsung,,Không,Snapdragon 8 Gen 1 8 nhân,"1 nhân 3 GHz, 3 nhân 2.5 GHz & 4 nhân 1.79 GHz",,Dynamic AMOLED 2X,Type-C,Li-Ion,Nano SIM,228 g,,2K+ (1440 x 3040 Pixels),,6.8 inch
"Điện thoại TECNO Spark 8C (4GB/128GB) - RAM tùy biến mở rộng tới 7GB |Pin 5000 mAh| 6.6"" HD+ 90Hz (KG5k) - Hàng chính hãng",2.988.000 ₫,,Tecno,,,,,,,,,,,,,,
Điện Thoại Realme C11 2021 (2GB/32GB) - Hàng Chính Hãng,2.350.000 ₫,,Realme,,6.52,MediaTek Helio G35 8 nhân,2.3 GHz,,,,,,,,,,6.5 inch
Điện Thoại Realme 8 (8GB/128GB) - Hàng Chính Hãng,6.990.000 ₫,v5.1,Realme,Trung Quốc,Micro SD,MediaTek Helio G95 8 nhân,2 nhân 2.05 GHz & 6 nhân 2.0 GHz,Dài 160.6 mm - Ngang 73.9 mm - Dày 7.99 mm - Nặng 177 g,Super AMOLED,3.5 mm,Li-Po,Nano SIM,Nặng 177 g,8GB,Full HD+ (1080 x 2400 Pixels),128GB,6.4 inch
Điện Thoại Realme C25Y 4GB/128GB - Hàng Chính Hãng,3.939.000 ₫,"A2DP, LE, v5.0",Realme,,MicroSD,Unisoc T618 8 nhân,2.0 GHz,Dài 164.5mm - Ngang 76mm - Dày 9.1mm - Nặng 200g,IPS LCD,3.5 mm,Li-Po,Nano SIM,200g,4GB,,128GB,6.5 inch
Điện Thoại ZTE Nubia RedMagic 6R - Hàng Chính Hãng,15.990.000 ₫,"5.2, A2DP, aptX, LE",ZTE,China,,SM8350 Snapdragon 888 5G (5 nm),1x2.84 GHz Kryo 680 & 3x2.42 GHz Kryo 680 & 4x1.80 GHz Kryo 680,,AMOLED,Không,Li-Po 4200 mAh,(Nano-SIM),186g,,Full HD+ (1080 x 2400 Pixels),,6.67 inch
Điện thoại Samsung Galaxy S22 5G (8GB/256GB ) - Hàng chính hãng - ĐÃ KÍCH HOẠT BẢO HÀNH ĐIỆN TỬ,19.499.000 ₫,v5.2,Samsung,,,Snapdragon 8 Gen 1 8 nhân,"1 nhân 3 GHz, 3 nhân 2.5 GHz & 4 nhân 1.79 GHz",Dài 146 mm - Ngang 70.6 mm - Dày 7.6 mm - Nặng 167 g,Dynamic AMOLED 2X,Type-C,Li-Ion,Nano,Nặng 167 g,,Full HD+ (1080 x 2340 Pixels),,6.1 inch
Điện thoại Xiaomi Redmi Note 9 Pro - Hàng Chính Hãng,5.790.000 ₫,"A2DP, LE, v5.1",Xiaomi,Trung Quốc,MicroSD,Snapdragon 720G 8 nhân,2 nhân 2.3 Ghz & 6 nhân 1.8 Ghz,,"IPS LCD, 6.67"", Full HD+",3.5 mm,Pin chuẩn Li-Ion,2,209 g,,,,
Điện thoại TECNO Spark 7T (4GB/64GB) - Hàng chính hãng,2.929.000 ₫,v5.0,Tecno,,MicroSD,MediaTek Helio G35 8 nhân,"4 nhân 2.3 GHz, 4 nhân 1.8 GHz",,IPS LCD,3.5 mm,,Nano SIM,206 g,,HD+ (700 x 1600 pixels),,6.52 inch
Điện Thoại Xiaomi Redmi 9A (2GB/32GB)- Đã kích hoạt bảo hành điện tử- Hàng Chính Hãng - Granite Gray,2.070.000 ₫,"A2DP, LE",Xiaomi,Trung Quốc,512GB,MediaTek Helio G25 8 nhân,8 nhân 2.0 GHz,Dài 164.9 mm - Ngang 77.07 mm - Dày 9 mm,IPS LCD,3.5 mm,Pin chuẩn Li-Ion,2 Nano SIM,194g,2GB,HD+ (700 x 1600 pixels),32GB,6.53 inch
"[GAMING PHONE] Điện thoại Redmagic 6R 12/256GB- Hỗ trợ Tiếng Việt | Chơi Game cực đỉnh | Snapdragon 888 5G | Màn hình AMOLED 6.67"" |Pin 4200 mAh | Sạc nhanh 30W - Hàng Chính Hãng",13.390.000 ₫,,Nubia,,,,,,AMOLED,Không,,nano,186g,256GB,,12GB,6.67 inch
Điện thoại Samsung Galaxy S22 Ultra 5G 12GB/512GB - Hàng chính hãng - ĐÃ KÍCH HOẠT BẢO HÀNH ĐIỆN TỬ,29.590.000 ₫,v5.2,Samsung,,,Snapdragon 8 Gen 1 8 nhân,"1 nhân 3 GHz, 3 nhân 2.5 GHz & 4 nhân 1.79 GHz",Dài 163.3 mm - Ngang 77.9 mm - Dày 8.9 mm - Nặng 228 g,Dynamic AMOLED 2X,Type-C,Li-Ion,Nano,228 g,,,,6.8 inch
Điện Thoại Realme C11 2021 2GB/32GB - Hàng Chính Hãng,2.590.000 ₫,v5.0,Realme,,MicroSD,MediaTek Helio G35 8 nhân,2.3 GHz,Dài 164.4 mm - Ngang 75.9 mm - Dày 9.1 mm - Nặng 196 g,IPS LCD,3.5 mm,Li-Po,Nano SIM,196g,3GB,HD+ (720 x 1560 Pixels),32GB,6.5 inch
Điện thoại Samsung Galaxy S21 FE 5G (8GB/256GB) - Hàng chính hãng,15.059.000 ₫,v5.0,Samsung,,Không,Exynos 2100 8 nhân,"1 nhân 2.9 GHz, 3 nhân 2.8 GHz & 4 nhân 2.2 GHz",,Dynamic AMOLED 2X,Type-C,Li-Ion,Nano SIM,177 g,,Full HD+ (1080 x 2340 Pixels),,6.4 inch
Điện thoại Samsung Galaxy A13 (4GB/128GB) - Hàng chính hãng,3.899.000 ₫,v5.0,Samsung,,MicroSD,Exynos 850 8 nhân,8 nhân 2.0 GHz,,PLS TFT LCD,3.5 mm,Li-Po,Nano SIM,195 g,,Full HD+ (1080 x 2400 Pixels),,6.6 inch
Điện thoại Realme C25Y (4GB/128GB) - Hàng chính hãng,3.939.000 ₫,A2DP LE v5.0,Realme,,MicroSD,Unisoc T618 8 nhân,2.0 GHz,,IPS LCD,3.5 mm,Li-Po,Nano SIM,200 g,,HD+ (720 x 1600 pixels),,6.5 inch
Điện Thoại Realme C21Y 4GB/64GB - Hàng Chính Hãng,3.090.000 ₫,v5.0,Realme,,MicroSD,Spreadtrum T610 8 nhân,1.8 GHz,"Kích thước, khối lượng:
Dài 164.5 mm - Ngang 76 mm - Dày 9.1 mm - Nặng 194 g",IPS LCD,3.5mm,Li-Po,Nano SIM,194g,,,,6.5 inch
Điện Thoại OPPO RENO7 Z 5G (8GB/128GB) - Hàng Chính Hãng,9.990.000 ₫,5.1,OPPO,,MicroSD,Snapdragon 695,tối đa 2.2GHz,,AMOLED,3.5mm,Li-Po,Nano SIM,173g,8GB,Full HD+ (1080 x 2400 Pixels),128GB,6.43 inch
Điện Thoại Samsung Galaxy A52 128GB | 8GB - Hàng Chính Hãng,7.250.000 ₫,,Samsung,,,Snapdragon 720G 8 nhân,2.30 GHz,,Super AMOLED,3.5mm,Lithium polymer,,209 g,8GB,Full HD+ (1080 x 2400 Pixels),,6.5 inch
Điện Thoại Oppo A95 8GB/128GB - Hàng Chính Hãng,6.239.000 ₫,A2DP LE v5.0,OPPO,,MicroSD,Snapdragon 662 8 nhân,4 nhân 2.0 GHz & 4 nhân 1.8 GHz,Dài 160.3 mm - Ngang 73.8 mm - Dày 7.95 mm - Nặng 175 g,AMOLED,3.5 mm,Li-Po,Nano SIM,175g,8GB,Full HD+ (1080 x 2400 Pixels),128GB,6.43 inch
Điện Thoại Xiaomi Redmi 10C 4GB/128GB - Hàng Chính Hãng,3.329.000 ₫,A2DP LE v5.0,Xiaomi,,,Snapdragon 680 8 nhân,,,,,5000 mah,,,4GB,,128GB,
Điện thoại Xiaomi Redmi Note 11 (4GB/128GB) - Hàng chính hãng,4.279.000 ₫,v5.0,Xiaomi,,Có,Snapdragon 680 8 nhân,2.4 GHz,Dài 159.8 mm - Ngang 73.87 mm - Dày 8.09 mm - Nặng 179 g,AMOLED,3.5mm,Li-Po,Nano,Nặng 179 g,,Full HD+ (1080 x 2400 Pixels),,6.43 inch
Điện thoại Realme 9i (6GB/128GB) - Hàng chính hãng,6.490.000 ₫,,Realme,,,,,,,,,,,,,,
Điện thoại Samsung Galaxy S22 Ultra (12GB/256GB) - Hàng chính hãng,28.629.000 ₫,v5.2,Samsung,,Không,Snapdragon 8 Gen 1 8 nhân,"1 nhân 3 GHz, 3 nhân 2.5 GHz & 4 nhân 1.79 GHz",,Dynamic AMOLED 2X,Type-C,Li-Ion,Nano SIM,228 g,,2K+ (1440 x 3040 Pixels),,6.8 inch
Samsung Galaxy A03s - Hàng Chính Hãng,3.690.000 ₫,"A2DP, LE, v4.2",Samsung,Hàn Quốc,MicroSD,MediaTek MT6765 8 nhân,4 nhân 2.3 GHz & 4 nhân 1.8 GHz,Dài 164 mm - Ngang 7.6 mm - Dày 9.1 mm,PLS LCD,3.5 mm,Li-Po,Nano SIM,196 g,4 GB,HD+ (720 x 1600 pixels),64 GB,6.5 inch
Điện thoại Xiaomi Redmi Note 11 [4GB/128GB] [6GB/128GB] |Dimensity 810| Full Ngôn Ngữ - BH 12 tháng,3.990.000 ₫,v5.0,Xiaomi,,"MicroSD, hỗ trợ tối đa 1 TB",MediaTek G80,2.4 GHz,"Kích thước, khối lượng: Dài 159.8 mm - Ngang 73.87 mm - Dày 8.09 mm - Nặng 179 g",AMOLED,3.5mm,"5.000 mAh, hỗ trợ sạc nhanh 18 W",Nano,Nặng 179 g,4GB/6GB,Full HD+ (1080 x 2400 Pixels),128GB,6.43 inch
Điện thoại Xiaomi Redmi 10C 4/128GB - Hàng chính hãng,3.329.000 ₫,A2DP LE v5.2,Xiaomi,,,Snapdragon 680 8 nhân,4 nhân 2.4 GHz & 4 nhân 1.9 GHz,Dài 169 mm - Ngang 76 mm - Dày 8 mm ,IPS LCD,3.5 mm,Li-Ion,Nano,180g,4GB,HD+ (720 x 1600 pixels),128GB,6.7 inch
Điện thoại Xiaomi Redmi Note 11 (4GB/64GB) - Xám - Hàng chính hãng,4.190.000 ₫,v5.0,Xiaomi,,,,,Dài 159.8 mm - Ngang 73.87 mm - Dày 8.09 mm - Nặng 179 g,AMOLED,3.5 mm,,Nano,Nặng 179 g,,Full HD+ (1080 x 2400 Pixels),,6.43 inch
Điện Thoại Vivo Y15A 4GB/64GB - Hàng Chính Hãng,2.969.000 ₫,v5.0,Vivo,,,MediaTek Helio P35 8 nhân,8 nhân 2.3 GHz,Kích thước: 163.96mm(D)x75.20mm(R)x8.28mm(C),IPS LCD,3.5 mm,Li-Po,Nano SIM,179 g,4GB,HD+ (720 x 1600 pixels),64GB,
Điện thoại Xiaomi Redmi 9A (2GB/32GB) - Hàng chính hãng,2.199.000 ₫,Có,Xiaomi,,,MediaTek Helio G25 (12 nm),8 nhân 2.0 GHz,,,,,2 Nano SIM,,,,,
Điện Thoại Samsung Galaxy A52s 5G (8GB/256GB) - Hàng chính hãng - ĐÃ KÍCH HOẠT BẢO HÀNH ĐIỆN TỬ,8.490.000 ₫,A2DP LE v5.0,Samsung,,,Snapdragon 778G 5G 8 nhân,"1 nhân 2.4 GHz, 3 nhân 2.2 GHz & 4 nhân 1.9 GHz",,Super AMOLED,3.5 mm,Li-Po,Nano,189 g,,Full HD+ (1080 x 2400 Pixels),,6.5 inch
Điện thoại Realme C25s - Hàng chính hãng,4.290.000 ₫,A2DP LE v5.0,Realme,Trung Quốc,MicroSD,MediaTek Helio G85 8 nhân,2 nhân 2.0 GHz & 6 nhân 1.8 GHz,Dài 164.5 mm - Ngang 75.9 mm - Dày 9.6 mm - Nặng 209 g,IPS LCD,3.5,Li-Po,Nano SIM,Nặng 209 g,4 GB,,128 GB,
Điện thoại Nokia G10 (4GB/64GB) - Hàng Chính Hãng,2.990.000 ₫,V5.0,Nokia,Phần Lan,MicroSD,MediaTek Helio G25,,164.9 mm x 76 mm x 9.2 mm,IPS LCD,3.5mm,Lithium polymer,Nano sim,194 g,4GB,HD+ (720 x 1600 pixels),64GB,6.5 inch
Điện Thoại Nokia C30 3GB/32GB - Hàng Chính Hãng,2.890.000 ₫,A2DPv4.2,Nokia,,,Spreadtrum SC9863A 8 nhân,4 nhân 1.6 GHz & 4 nhân 1.2 GHz,Dài 177.7 mm - Ngang 79.1 mm - Dày 9.9 mm - Nặng 237 g,IPS LCD,3.5 mm,Li-Po,Nano SIM,237 g,3GB,,32GB,6.81 inch
Điện thoại TECNO SPARK 7T (4GB/64GB) - Hàng Chính Hãng,2.699.000 ₫,,Tecno,,,MediaTek MT6765G Helio G35 (12 nm),,,,,,Nano Sim,,4GB,,64GB,
Điện Thoại Nokia C21 Plus (2GB/64GB) - Hàng Chính Hãng,2.450.000 ₫,V4.2,Nokia,Phần Lan,MicroSD,Spreadtrum SC9863A 8 nhân,4 nhân 1.6 GHz & 4 nhân 1.2 GHz,Dài 164.8 mm - Ngang 75.9 mm - Dày 8.6 mm - Nặng 178 g,,3.5mm,Li - Ion,Nano SIM,,3GB,HD+ (720 x 1600 pixels),64GB,6.52 inch
Điện Thoại Vivo V23e 8GB/128GB - Hàng Chính Hãng,6.779.000 ₫,v5.2,Vivo,,,MediaTek Helio G96 8 nhân,2 nhân 2.05 GHz & 6 nhân 2.0 GHz,"Dài 160.87 mm - Ngang 74.28 mm - Dày 7.41 mm - Nặng 172 g
 ",AMOLED,Type-C,Li-Po,,172g,8GB,,128GB,6.44 inch
Điện thoại Vivo Y15s (3GB/32GB) - Hàng chính hãng,2.859.000 ₫,v5.0,Vivo,,MicroSD,MediaTek Helio P35 8 nhân,2.3 GHz,,IPS LCD,3.5 mm,Li-Po,Nano SIM,179g,,HD+ (720 x 1600 pixels),,
Điện thoại Realme C11 (2021)(2GB/32GB) - Hàng chính hãng,2.690.000 ₫,"A2DP, LE, v4.2",Realme,,MicroSD,Spreadtrum SC9863A 8 nhân,4 nhân 1.6 GHz & 4 nhân 1.2 GHz,Dài 165.2 mm - Ngang 76.4 mm - Dày 8.9 mm ,IPS LCD,3.5 mm,Li-Po,Nano SIM,190 g,2 GB,HD+ (720 x 1600 pixels),32 GB,6.5 inch
Điện thoại OPPO A16K (3GB/32GB) - Hàng chính hãng,2.969.000 ₫,Có,OPPO,,,MediaTek Helio G35 8 nhân,4 nhân 2.3 GHz & 4 nhân 1.8 GHz,,,,,,,,,,6.52 inch
Điện Thoại Realme C21Y 3GB/32GB - Hàng Chính Hãng,2.559.000 ₫,,Realme,,,Spreadtrum T610 8 nhân,,,,,,,350g,,,,
Điện thoại Vivo Y15a (4GB/64GB) - Hàng chính hãng,2.970.000 ₫,v5.0,Vivo,,,MediaTek Helio P35 8 nhân,8 nhân 2.3 GHz,Dài 163.96 mm - Ngang 75.2 mm - Dày 8.28 mm - Nặng 179 g,IPS LCD,3.5 mm,Li-Po,Nano,179 g,,HD+ (720 x 1600 pixels),,6.5 inch
Điện Thoại OPPO A76 (6GB/128GB) - Hàng Chính Hãng,5.385.000 ₫,v5.0,OPPO,,MicroSD,Snapdragon 680 8 nhân,"4 nhân 2.4 GHz, 4 nhân 1.9 GHz",Dài 164.4 mm - Ngang 75.7 mm - Dày 8.4 mm ,IPS LCD,3.5 mm,Li-Po,Nano SIM,189 g,6GB,HD+ (720 x 1600 pixels),128GB,6.56 inch
Điện thoại Vivo Y33s (8GB/128GB) - Hàng chính hãng,5.839.000 ₫,v5.0,Vivo,,MicroSD,MediaTek Helio G80 8 nhân,2 nhân 2.0 GHz & 6 nhân 1.8 GHz,,IPS LCD,3.5 mm,Li-Po,Nano SIM,182 g,,Full HD+ (1080 x 2400 Pixels),,
Điện Thoại OPPO RENO7 5G (8GB/256GB) - Hàng Chính Hãng,11.990.000 ₫,5.2,OPPO,,MicroSD,Dimensity 900 5G,tối đa 2.4GHz,,AMOLED,3.5mm,Li-Po,Nano SIM,173g,8GB,Full HD+ (1080 x 2400 Pixels),256GB,6.43 inch
Điện Thoại Samsung Galaxy A53 5G (8GB/128GB) - ĐÃ KÍCH HOẠT ĐIỆN TỬ - Hàng Chính Hãng,7.950.000 ₫,v5.1,Samsung,Hàn Quốc,MicroSD,Exynos 1280 8 nhân,2 nhân 2.4 GHz & 6 nhân 2 GHz,Dài 159.6 mm - Ngang 74.8 mm - Dày 8.1 mm,Super AMOLED,Type-C,Li-Ion,Nano SIM,189 g,8GB,,128GB,6.5 inch
Điện Thoại Vivo Y53s (8GB/128GB) - Hàng Chính Hãng,5.490.000 ₫,v5.0,Vivo,Trung Quốc,Micro SD,MediaTek Helio G80 8 nhân,2 nhân 2.0 GHz & 6 nhân 1.8 GHz,Dài 164 mm - Ngang 75.46 mm - Dày 8.38 mm - Nặng 190 g,IPS LCD,3.5 mm,Li-Po,2 Nano SIM,Nặng 190 g,8 GB,Full HD+ (1080 x 2400 Pixels),128GB,6.56 inch
Điện thoại Samsung Galaxy A23 (4GB/128GB) - Hàng chính hãng,4.829.000 ₫,v5.0,Samsung,,MicroSD,Snapdragon 680 8 nhân,4 nhân 2.4 GHz & 4 nhân 1.9 GHz,,PLS TFT LCD,3.5 mm,Li-Po,Nano SIM,195 g,,Full HD+ (1080 x 2400 Pixels),,6.6 inch
Điện Thoại Oppo Reno 7 5G (8GB/256GB) - Hàng Chính Hãng,11.585.000 ₫,v5.2,OPPO,,,MediaTek Dimensity 900 5G,2.4 GHz,Dài 160.6 mm - Ngang 73.2 mm - Dày 7.81 mm - Nặng 173 g,AMOLED,3.5 mm,Li-Po,Nano,173 g,,Full HD+ (1080 x 2400 Pixels),,6.4 inch
Điện thoại Oppo A16K (3GB/32GB) - Hàng chính hãng,3.049.000 ₫,v5.0,OPPO,,MicroSD,MediaTek Helio G35 8 nhân,4 nhân 2.3 GHz & 4 nhân 1.8 GHz,,IPS LCD,3.5 mm,Li-Po,Nano SIM,175 g,,HD+ (720 x 1600 pixels),,6.52 inch
Điện thoại Xiaomi Redmi 9C (4GB/128GB) - Hàng chính hãng,3.190.000 ₫,A2DP LE v5.0,Xiaomi,,,MediaTek Helio G35 8 nhân,4 nhân 2.3 GHz & 4 nhân 1.8 GHz,Dài 164.9 mm - Ngang 77.07 mm - Dày 9 mm - Nặng 196 g,IPS LCD,3.5 mm,Li-Ion,Nano,196 g,,HD+ (720 x 1600 pixels),,6.53 inch
Điện thoại Realme 8 Pro Vàng Rực Rỡ Vàng - Hàng chính hãng,7.990.000 ₫,A2DP LE v5.1,Realme,Trung Quốc,MicroSD,Snapdragon 720G 8 nhân,2 nhân 2.3 GHz & 6 nhân 1.8 GHz,Dài 160.6 mm - Ngang 73.9 mm - Dày 8.1 mm - Nặng 176 g,Super AMOLED,3.5,Li-Po,Nanosim,Nặng 176 g,8 GB,Full HD+ (1080 x 2400 Pixels),128 GB,6.4 inch
Điện thoại OPPO A16 (4GB/64GB) - Hàng Chính Hãng - Đã kích hoạt bảo hành điện tử,4.090.000 ₫,A2DP LE apt-X v5.0,OPPO,,,MediaTek Helio G35 8 nhân,4 nhân 2.3 GHz & 4 nhân 1.8 GHz,Dài 163.88 mm - Ngang 75.6 mm - Dày 8.4 mm,IPS LCD,3.5 mm,Li-Po,Nano,190 g,,HD+ (720 x 1600 pixels),,6.52 inch
Điện Thoại Oppo A55 (4GB/64GB) - Hàng Chính Hãng,3.970.000 ₫,A2DP LE v5.0,OPPO,,50 GB,MediaTek Helio G35 8 nhân,4 nhân 2.3 GHz & 4 nhân 1.8 GHz,Dài 163.6 mm - Ngang 75.7 mm - Dày 8.4 mm - Nặng 193 g,IPS LCD,3.5 mm,Li-Po,Nano SIM,Nặng 193 g,,,,6.5 inch
Điện thoại Realme 8 5G - Hàng chính hãng,7.490.000 ₫,A2DP LE v5.1,Realme,Trung Quốc,MicroSD,MediaTek Dimensity 700 5G 8 nhân,4 nhân 2.2 GHz & 4 nhân 2.0 GHz,Dài 162.5 mm - Ngang 74.8 mm - Dày 8.5 mm - Nặng 185 g,IPS LCD,3.5,Li-Po,Nanosim,Nặng 185 g,8 GB,Full HD+ (1080 x 2400 Pixels),128 GB,6.5 inch
Điện Thoại Samsung Galaxy A03s LTE (4GB/64GB) - ĐÃ KÍCH HOẠT ĐIỆN TỬ - Hàng Chính Hãng,3.190.000 ₫,"A2DP, LE, v4.2",Samsung,,MicroSD,MediaTek MT6765 8 nhân,4 nhân 2.3 GHz & 4 nhân 1.8 GHz,Dài 164 mm - Ngang 7.6 mm - Dày 9.1 mm,PLS LCD,3.5 mm,Li-Po,Nano,196 g,4GB,HD+ (720 x 1600 pixels),64GB,6.5 inch
Điện Thoại Realme 8 Pro (8GB/128GB) - Hàng Chính Hãng,7.990.000 ₫,v5.0,Realme,Trung Quốc,MicroSD,Snapdragon 720G 8 nhân,2 nhân 2.3 GHz & 6 nhân 1.8 GHz,Dài 160.6 mm - Ngang 73.9 mm - Dày 8.1 mm - Nặng 176 g,Super AMOLED,3.5 mm,Li-Po,Nano SIM,Nặng 176 g,8 GB,Full HD+ (1080 x 2400 Pixels),128 GB,6.4 inch
Điện Thoại Vivo V21 5G (8GB/128GB) - Hàng Chính Hãng,7.890.000 ₫,A2DP; LE; v5.1,Vivo,Trung Quốc,MicroSD,MediaTek Dimensity 800U 5G 8 nhân,2 nhân 2.4 GHz & 6 nhân 2 GHz,Dài 159.68 mm - Ngang 73.9 mm - Dày 7.39 mm - Nặng 177 g,AMOLED,Type-C,Li-Po,Nano SIM,Nặng 177 g,8 GB,Full HD+ (1080 x 2400 Pixels),128 GB,6.44 inch
Điện thoại Samsung Galaxy S22 Ultra 5G (8GB/128GB) - Hàng Chính Hãng,23.171.000 ₫,,Samsung,,,,,,,Type-C,,,,,,,
"Điện thoại Realme C11 2021 2GB/32GB (RMX3231) - Hàng chính hãng, Bảo hành chính hãng, Nguyên Seal, Phiên bản 2021",2.390.000 ₫,A2DP LE v4.2,Realme,,,,4 nhân 1.6 GHz & 4 nhân 1.2 GHz,Dài 165.2 mm - Ngang 76.4 mm - Dày 8.9 mm,IPS LCD,3.5 mm,Li-Po,Nano,190 g,32GB,HD+ (720 x 1600 pixels),2GB,6.5 inch
Điện thoại Samsung Galaxy S22 Plus 5G (8GB/256GB) - Hàng Chính Hãng,19.295.000 ₫,,Samsung,,,,,,,Type - C,,,,,,,
Điện thoại Samsung Galaxy A22 LTE 6GB/128GB - Hàng chính hãng chưa active,5.850.000 ₫,,Samsung,Việt Nam,,,,,,,,,,6GB,,,
Điện Thoại Realme C25Y 4GB/128GB - Hàng Chính Hãng,3.790.000 ₫,"A2DP, LE, v5.0",Realme,,MicroSD,Unisoc T618 8 nhân,2.0 GHz,Dài 164.5mm - Ngang 76mm - Dày 9.1mm - Nặng 200g,IPS LCD,3.5 mm,Li-Po,Nano SIM,200g,4GB,,128GB,6.5 inch
Điện thoại Oppo A95 (8GB/128GB) - Hàng chính hãng,6.399.000 ₫,A2DP LE v5.0,OPPO,,MicroSD,Snapdragon 662 8 nhân,4 nhân 2.0 GHz & 4 nhân 1.8 GHz,,AMOLED,3.5 mm,Li-Po,Nano SIM,,,,,
Điện Thoại Oppo A55 4GB/64GB - Hàng Chính Hãng,4.069.000 ₫,v5.0,OPPO,,,MediaTek Helio G35,,,,,5000 mah,,,4GB,,64GB,
Điện thoại Samsung Galaxy S22 Plus 5G (8GB/128GB) - Hàng Chính Hãng,18.445.000 ₫,,Samsung,,,,,,,Type-C,,,,,,,
Điện thoại Samsung Galaxy S22 Ultra 5G (12GB/256GB) - Hàng Chính Hãng,26.000.000 ₫,,Samsung,,,,,,,Type-C,,,,,,,
Điện Thoại Realme C11 2021 (2GB/32GB) - Hàng Chính Hãng,2.439.000 ₫,,Realme,,6.52,MediaTek Helio G35 8 nhân,2.3 GHz,,,,,,,,,,6.5 inch
Điện thoại Samsung Galaxy A03 (4GB/64GB) - Hàng chính hãng,3.490.000 ₫,,Samsung,Hàn Quốc,,,,,,3.5 mm,Li-Po,Nano sim,196 g,,,,6.5 inch
Điện thoại Nokia C30 (3GB/32GB) - Hàng chính hãng,2.959.000 ₫,"A2DP, v4.2",Nokia,,MicroSD,Spreadtrum SC9863A 8 nhân,4 nhân 1.6 GHz & 4 nhân 1.2 GHz,,IPS LCD,3.5 mm,Li-Po,Nano SIM,237 g,,HD+ (720 x 1600 pixels),,6.81 inch
Điện thoại OPPO A95 (8GB/128GB) - HÀNG CHÍNH HÃNG,5.990.000 ₫,A2DP LE v5.0,OPPO,,,Snapdragon 662 8 nhân,4 nhân 2.0 GHz & 4 nhân 1.8 GHz,Dài 160.3 mm - Ngang 73.8 mm - Dày 7.95 mm - Nặng 175 g,AMOLED,3.5 mm,Li-Po,Nano,Nặng 175 g,,Full HD+ (1080 x 2400 Pixels),,6.43 inch
Điện Thoại Oppo A55 (4GB/64GB) - Hàng Chính Hãng - Đã Kích Hoạt Bảo Hành Điện Tử - Đen Mạnh Mẽ,4.490.000 ₫,A2DP LE v5.0,OPPO,,CÓ,MediaTek Helio G35 8 nhân,4 nhân 2.3 GHz & 4 nhân 1.8 GHz,Dài 163.6 mm - Ngang 75.7 mm - Dày 8.4 mm,IPS LCD,3.5 mm,Li-Po,2 Nano SIM,- Nặng 193 g,,HD+ (700 x 1600 pixels),,6.5 inch
Điện Thoại Vivo Y15s (3GB/32GB) Đã Kích Hoạt Bảo Hành – Hàng Chính Hãng - XANH ĐEN,3.059.000 ₫,v5.0,Vivo,,,MediaTek Helio P35 8 nhân,2.3 GHz,Dài 163.96 mm - Ngang 75.2 mm - Dày 8.28 mm,IPS LCD,3.5 mm,Li-Po,2 Nano SIM,Nặng 179 g,,HD+ (720 x 1600 pixels),,6.5 inch
Điện thoại OPPO A55 (4GB/64GB) - Hàng chính hãng,4.490.000 ₫,A2DP; LE; v5.0,OPPO,,Có,MediaTek Helio G35 8 nhân,4 nhân 2.3 GHz & 4 nhân 1.8 GHz,Dài 163.6 mm - Ngang 75.7 mm - Dày 8.4 mm - Nặng 193 g,IPS LCD,3.5 mm,Li-Po 5000 mAh,Nano SIM,193 g,,HD+ (700 x 1600 pixels),,6.5 inch
Điện thoại Samsung Galaxy A03 (3GB/32GB) - Hàng chính hãng,2.619.000 ₫,v5.0,Samsung,,,Unisoc T606 8 nhân,,,,,,,,3GB,,32GB,6.5 inch
Điện thoại Vivo Y21s (6GB/128GB) - Hàng chính hãng,5.139.000 ₫,A2DP LE v5.0,Vivo,,MicroSD,MediaTek Helio G80 8 nhân,2.0 GHz,,IPS LCD,3.5 mm,Li-Po,Nano SIM,182 g,,HD+ (720 x 1600 pixels),,
Điện thoại Vivo Y15s (3GB/32GB) - Hàng chính hãng,2.990.000 ₫,v5.0,Vivo,,1 TB,MediaTek Helio P35 8 nhân,2.3 GHz,Dài 163.96 mm - Ngang 75.2 mm - Dày 8.28 mm - Nặng 179 g,IPS LCD,3.5 mm,Li-Po,Nano,179 g,,HD+ (700 x 1600 pixels),,
Điện thoại Samsung Galaxy A32 (6GB/128GB) - Hàng Chính Hãng,6.490.000 ₫,"A2DP, LE, v5.0",Samsung,,tối đa 1 TB,MediaTek Helio G80 8 nhân,2 nhân 2.0 GHz & 6 nhân 1.8 GHz,,Super AMOLED,3.5 mm,Li-Ion,Nano SIM,184 g,,Full HD+ (1080 x 2400 Pixels),,6.4 inch
Điện thoại Xiaomi Redmi Note 11 (6GB/128GB) - Xám - Hàng chính hãng,4.990.000 ₫,,Xiaomi,,,,,Dài 159.8 mm - Ngang 73.87 mm - Dày 8.09 mm ,AMOLED,3.5 mm,,Nano,Nặng 179 g,,Full HD+ (1080 x 2400 Pixels),,6.43 inch
Điện thoại Xiaomi Redmi Note 11 (4GB/64GB) - Xanh Dương Đậm - Hàng chính hãng,4.690.000 ₫,v5.0,Xiaomi,Trung Quốc,,,,,AMOLED,3.5 mm,,Nano,,4Gb,Full HD+ (1080 x 2400 Pixels),,
Điện thoại Nokia C20 (2GB/16GB) - Hàng chính hãng,1.989.000 ₫,"A2DP, v4.2",Nokia,,MicroSD,Unisoc SC9863A,4 nhân 1.6 GHz và 4 nhân 1.2 GHz,,IPS LCD,3.5 mm,Li-Ion,Nano SIM,191 g,,HD+ (720 x 1600 pixels),,6.5 inch
Điện Thoại Chuyên Game Nubia Redmagic 6R - Hàng Nhập Khẩu - Có Tiếng Việt,15.990.000 ₫,,Nubia,,,,,,,,,,,,,,
Điện thoại Realme C35 (4GB/64GB) - Hàng chính hãng,4.290.000 ₫,,Realme,Trung Quốc,,Unisoc T616 8 nhân,,,,3.5 mm,Li-Po,Nano sim,189 g,,,,
Điện Thoại Oppo A16k 4GB/64GB - Hàng Chính Hãng,3.690.000 ₫,5.0,OPPO,,MicroSD,MediaTek Helio G35 8 nhân,4 nhân 2.3 GHz & 4 nhân 1.8 GHz,,IPS LCD,3.5 mm,Li-Po,Nano SIM,175g,4GB,HD+ (720 x 1600 pixels),64GB,6.52 inch
Điện thoại Samsung Galaxy S22 5G (8GB) - Hàng chính hãng,14.660.000 ₫,,Samsung,,,,,,Dynamic AMOLED 2X,Type-C,,,,8GB,Full HD+ (1080 x 2340 Pixels),,6.1 inch
Điện thoại Nokia C21 Plus 2GB/64GB - Hàng chính hãng,2.450.000 ₫,4.2,Nokia,Việt Nam,256GB,SC9863A Octa-core,,164.8 x 75.9 x 8.55mm,,3.5,,Nano,191g,2GB,,64GB,6.5 inch
Điện thoại Samsung Galaxy S22+ (8GB/256GB) - Hàng chính hãng,23.289.000 ₫,A2DP LE v5.2,Samsung,,Không,Snapdragon 8 Gen 1 8 nhân,"1 nhân 3 GHz, 3 nhân 2.5 GHz & 4 nhân 1.79 GHz",,Dynamic AMOLED 2X,Type-C,Li-Ion,Nano SIM,195 g,,Full HD+ (1080 x 2340 Pixels),,6.6 inch
Điện Thoại Samsung Galaxy A52s 128GB | 8GB - Hàng Chính Hãng,9.990.000 ₫,"A2DP, LE, v5.0",Samsung,,MicroSD,Snapdragon 778G 5G 8 nhân,"1 nhân 2.4 GHz, 3 nhân 2.2 GHz & 4 nhân 1.9 GHz",,,Type-C,Li-Po,,189 g,,,,
Điện thoại OPPO A16K (3GB/32GB) - Hàng chính hãng,3.190.000 ₫,v5.0,OPPO,,,MediaTek Helio G35 8 nhân,4 nhân 2.3 GHz & 4 nhân 1.8 GHz,Dài 164 mm - Ngang 75.4 mm - Dày 7.85 mm - Nặng 175 g,IPS LCD,3.5 mm,Li-Po,Nano,Nặng 175 g,,HD+ (720 x 1600 pixels),,6.52 inch
Điện thoại Vivo Y15s (3+32GB) trắng xanh - Hàng Chính Hãng,2.660.000 ₫,,Vivo,,,,,,,,,,,,,,
Điện Thoại Samsung Galaxy S22 Ultra 5G (12GB/512GB) - Hàng Chính Hãng,35.607.000 ₫,,Samsung,,,,,,,Type C,,,,,,,
Điện thoại Nokia C20 2GB/16GB - Hàng chính hãng - Blue,1.790.000 ₫,"A2DP, v4.2",Nokia,,,Spreadtrum SC9863A 8 nhân,4 nhân 1.6 GHz & 4 nhân 1.2 GHz,,IPS LCD,3.5 mm,,Nano SIM,,2G,,16G,6.5 inch
Điện thoại Vivo V23e (8GB/128GB) – Hàng Chính Hãng - Màu Đen,7.990.000 ₫,Có,Vivo,Trung Quốc,,MediaTek Helio G96 8 nhân,,160.87mm x74.28mm x7.36mm,AMOLED,Type-C,Li-Po,Nano SIM,172g,RAM 8GB + RAM Mở Rộng 4GB,Full HD+ (1080 x 2400 Pixels),128GB,6.44 inch
Điện Thoại Samsung Galaxy A22 LTE 128GB | 6GB - Hàng Chính Hãng,4.830.000 ₫,A2DP v5.0 LE,Samsung,,,,4 nhân 2.0 GHz & 4 nhân 1.8 GHz,,Super AMOLED,3.5 mm,Li-Po,Nano SIM,,6GB,HD+ (720 x 1600 pixels),,
Điện Thoại Oppo A16k (3GB/32G) - Đã Kích Hoạt - Hàng Chính Hãng - Đen Bí Ẩn,2.850.000 ₫,v5.0,OPPO,,CÓ,MediaTek Helio G35 8 nhân,4 nhân 2.3 GHz & 4 nhân 1.8 GHz,Dài 164 mm - Ngang 75.4 mm - Dày 7.85 mm,IPS LCD,3.5 mm,Li-Po,2 Nano,Nặng 175 g,,HD+ (720 x 1600 pixels),,6.52 inch
Điện Thoại Samsung A23 4GB/128GB - Hàng Chính Hãng,5.050.000 ₫,,Samsung,,MicroSD,Snapdragon 680 8 nhân,4 nhân 2.4 GHz & 4 nhân 1.9 GHz,,IPS LCD,3.5 mm,,,,,,,6.6 inch
Điện Thoại Samsung Galaxy A33 5G (8GB/128GB) - ĐÃ KÍCH HOẠT ĐIỆN TỬ - Hàng Chính Hãng,7.645.000 ₫,A2DP LE v5.1,Samsung,,MicroSD,Exynos 1280 8 nhân,2 nhân 2.4 GHz & 6 nhân 2 GHz,Dài 159.7 mm - Ngang 74 mm - Dày 8.1 mm,Super AMOLED,Type-C,Li-Po,Nano SIM (SIM 2 chung khe thẻ nhớ),186 g,8GB,,128GB,
Điện thoại Samsung Galaxy A13 (4G+128G) A135F Đen- Hàng chính hãng,4.290.000 ₫,,Samsung,,,,,,,,5000 mAh,Nano Sim,,,,,
Điện thoại Samsung Galaxy S22+ (8GB/128GB) - Hàng chính hãng,21.899.000 ₫,A2DP LE v5.2,Samsung,,Không,Snapdragon 8 Gen 1 8 nhân,"1 nhân 3 GHz, 3 nhân 2.5 GHz & 4 nhân 1.79 GHz",,Dynamic AMOLED 2X,Type-C,Li-Ion,Nano SIM,195 g,,Full HD+ (1080 x 2340 Pixels),,6.6 inch
Điện thoại Vivo Y21 (4GB/64GB) - Hàng chính hãng,3.390.000 ₫,A2DP LE v5.0,Vivo,,MicroSD,MediaTek Helio P35 8 nhân,4 nhân 2.3 GHz & 4 nhân 1.8 GHz,Dài 164.26 mm - Ngang 76.08 mm - Dày 8 mm - Nặng 182 g,IPS LCD,3.5 mm,Li-Po,Nano,182 g,,HD+ (720 x 1600 pixels),,6.5 inch
Điện thoại Samsung Galaxy A13 (6GB/128GB) - Hàng chính hãng,5.190.000 ₫,,Samsung,Hàn Quốc,,,,,,3.5 mm,Li-Po,Nano sim,195 g,,,,6.6 inch
Điện thoại Samsung Galaxy Z Fold3 5G (12GB/256GB) - Hàng chính hãng,36.990.000 ₫,"A2DP, LE, v5.2",Samsung,,,Snapdragon 888 8 nhân,"1 nhân 2.84 GHz, 3 nhân 2.4 GHz & 4 nhân 1.8 GHz",Dài 158.2 mm - Ngang 128.1 mm - Dày 6.4 mm - Nặng 271 g,NFCOTG,Type-C,Li-Ion,2 Nano SIM + 1 eSIM,,,,,
Điện Thoại Vivo Y15s 3GB/32GB - Hàng Chính Hãng,3.099.000 ₫,v5.0,Vivo,,,MediaTek Helio P35 8 nhân,2.3 GHz,Dài 163.96 mm - Ngang 75.2 mm - Dày 8.28 mm - Nặng 179 g,IPS LCD,3.5 mm,Li-Po,Nano,179 g,3GB,HD+ (700 x 1600 pixels),32GB,
Điện thoại Vivo Y21s (4GB/128GB) - Hàng chính hãng,4.639.000 ₫,A2DP LE v5.0,Vivo,,MicroSD,MediaTek Helio G80 8 nhân,2.0 GHz,,IPS LCD,3.5 mm,Li-Po,Nano SIM,182 g,,HD+ (720 x 1600 pixels),,
Điện thoại Oppo Reno6 Z 5G (8GB/128GB) - Hàng chính hãng,8.289.000 ₫,,OPPO,Trung Quốc,,MediaTek Dimensity 800U 5G,,,,,,Nano,,8GB,,,6.43 inch
Điện thoại Realme C21y 3-32GB xanh caro - Hàng Chính Hãng,3.420.000 ₫,,Realme,,,,,,,,,,,,,,
Điện thoại di động Vivo Y21s (6+128GB) trắng - Hàng Chính Hãng,5.416.000 ₫,,Vivo,,,,,,,,,,,,,,
Điện thoại Xiaomi Redmi Note 11 (4GB/128GB) - Xanh dương đậm - Hàng chính hãng,4.490.000 ₫,,Xiaomi,,,,,Dài 159.8 mm - Ngang 73.87 mm - Dày 8.09 mm - Nặng 179 g,AMOLED,3.5 mm,,Nano,Nặng 179 g,,Full HD+ (1080 x 2400 Pixels),,6.43 inch
Điện thoại OPPO Reno6 Pro (12GB/256GB) - Hàng chính hãng,15.490.000 ₫,,OPPO,Trung Quốc,,Snapdragon 870 5G 8 nhân,,,,Type-C,Li-Po,Nano sim,188 g,,,,6.55 inch
"Điện thoại Vivo Y15A 4GB/64GB - Hàng chính hãng, Nguyên seal, Full box",2.990.000 ₫,v5.0,Vivo,Trung Quốc,có,MediaTek Helio P35 8 nhân,8 nhân 2.3 GHz,Dài 163.96 mm - Ngang 75.2 mm - Dày 8.28 mm - Nặng 179 g,IPS LCD,3.5 mm,Li-Po,Nano,Nặng 179 g,4GB,HD+ (720 x 1600 pixels),64GB,6.5 inch
Điện thoại Xiaomi Redmi Note 11 (4GB/128GB) - Xanh dương nhạt - Hàng chính hãng,4.490.000 ₫,,Xiaomi,,,,,Dài 159.8 mm - Ngang 73.87 mm - Dày 8.09 mm - Nặng 179 g,AMOLED,3.5 mm,,Nano,Nặng 179 g,,Full HD+ (1080 x 2400 Pixels),,6.43 inch
Điện thoại Xiaomi REDMI 9A (2+32) Xanh lá - Hàng chính hãng (chỉ giao HN và một số khu vực),2.990.000 ₫,,Xiaomi,Trung Quốc,,,,,,,,,,,,,
Điện thoại di động Vivo Y21s (4+128GB) trắng - Hàng Chính Hãng,4.948.000 ₫,,Vivo,,,,,,,,,,,,,,
Điện Thoại Oppo A16 3GB/32GB - Đã Kích Hoạt - Hàng Chính Hãng - Đen Mạnh Mẽ,3.390.000 ₫,A2DP LE v5.0,OPPO,,có,MediaTek Helio G35 8 nhân,4 nhân 2.3 GHz & 4 nhân 1.8 GHz,Dài 163.8 mm - Ngang 75.6 mm - Dày 8.4 mm,IPS LCD,3.5mm,Li-Po,Nano SIM,Nặng 190 g,,HD+ (720 x 1600 pixels),,6.52 inch
Điện Thoại Samsung Galaxy A13 128GB | 4GB - Hàng Chính Hãng,4.330.000 ₫,,Samsung,,,,,,,,,,,,,,
Điện thoại OPPO CPH2349 - A16k Đen bí ẩn - Hàng chính hãng (chỉ giao HN và một số khu vực),3.190.000 ₫,,OPPO,Trung Quốc,,,,,,,,,,,,,
Điện Thoại Samsung Galaxy A03 32GB | 3GB - Hàng Chính Hãng,2.845.000 ₫,,Samsung,,,Unisoc T606 8 nhân,,,PLS LCD,3.5 mm,Li-Po,Nano SIM,196 g,,,,
Điện thoại Vivo Y15A (4GB/64GB) - Hàng chính hãng,3.369.000 ₫,v5.0,Vivo,,1 TB,MediaTek Helio P35 8 nhân,8 nhân 2.3 GHz,,IPS LCD,3.5 mm,Li-Po,Nano SIM,179 g,,HD+ (720 x 1600 pixels),,
Điện thoại di động Vivo Y21s (4+128GB) xanh - Hàng Chính Hãng,5.380.000 ₫,,Vivo,,,,,,,,,,,,,,
Điện thoại Vivo Y15a (4GB/64GB) - Hàng chính hãng,3.490.000 ₫,,Vivo,,,,,,,,,,,,,,
Điện thoại Xiaomi Redmi 10 (6GB/128GB) - Hàng chính hãng,4.690.000 ₫,,Xiaomi,Trung Quốc,,MediaTek Helio G88 8 nhân,,,,3.5 mm,Li-Po,Nano sim,181 g,,Full HD+ (1080 x 2400 Pixels),,
Điện thoại Xiaomi REDMI 9A (2+32) Xanh dương - Hàng chính hãng (chỉ giao HN và một số khu vực),2.990.000 ₫,,Xiaomi,Trung Quốc,,,,,,,,,,,,,
Điện thoại Xiaomi REDMI 9C (3+64) Xám - Hàng chính hãng (chỉ giao HN và một số khu vực),3.190.000 ₫,,Xiaomi,Trung Quốc,,,,,,,,,,,,,
Điện thoại OPPO CPH2269 - A16 3GB Đen Mạnh Mẽ - Hàng chính hãng (chỉ giao HN và một số khu vực),3.690.000 ₫,,OPPO,Trung Quốc,,,,,,,,,,,,,
Điện thoại OPPO CPH2269 - A16 3GB Bạc phá cách - Hàng chính hãng (chỉ giao HN và một số khu vực),3.690.000 ₫,,OPPO,Trung Quốc,,,,,,,,,,,,,
Điện thoại Samsung Galaxy Z Flip3 5G (8GB/256GB) - Hàng chính hãng,23.990.000 ₫,"A2DP, LE, v5.2",Samsung,,,Snapdragon 888 8 nhân,"1 nhân 2.84 GHz, 3 nhân 2.4 GHz & 4 nhân 1.8 GHz",Dài 166 mm - Ngang 72.2 mm - Dày 6.9 mm - Nặng 183 g,Dynamic AMOLED 2X,,Li-Po,1 Nano SIM & 1 eSIM,183 g,,,,
Điện thoại Realme C21y 3-32GB đen caro - Hàng Chính Hãng,3.420.000 ₫,,Realme,,,,,,,,,,,,,,
Điện thoại Xiaomi Redmi Note 11 (4GB/128GB) - Xám - Hàng chính hãng,4.490.000 ₫,,Xiaomi,,,,,Dài 159.8 mm - Ngang 73.87 mm - Dày 8.09 mm - Nặng 179 g,AMOLED,3.5 mm,,Nano,Nặng 179 g,,Full HD+ (1080 x 2400 Pixels),,6.43 inch
Điện thoại Nokia C01 Plus 2GB/16GB - Hàng chính hãng,1.599.000 ₫,Có,Nokia,,,Spreadtrum SC9863A,4 nhân 1.6 GHz & 4 nhân 1.2 GHz,Dài 148 mm - Ngang 71.8 mm - Dày 9.3 mm,IPS LCD,3.5 mm,Li-Ion,Nano,157 g,,,,5.45 inch
"Điện thoại Vivo Y15s 3GB/32GB - Hàng chính hãng, Nguyên Seal",2.819.000 ₫,v5.0,Vivo,Việt Nam,1TB,MediaTek Helio P35 8 nhân,2.3 GHz,Dài 163.96 mm - Ngang 75.2 mm - Dày 8.28 mm - Nặng 179 g,IPS LCD,3.5 mm,Li-Po,Nano,Nặng 179 g,3GB,HD+ (720 x 1600 pixels),32GB,6.5 inch
Điện thoại Xiaomi Redmi Note 11 (4GB/64GB) - Xanh dương đậm - Hàng chính hãng,4.190.000 ₫,v5.0,Xiaomi,,,,,Dài 159.8 mm - Ngang 73.87 mm - Dày 8.09 mm - Nặng 179 g,AMOLED,3.5 mm,,Nano,Nặng 179 g,,Full HD+ (1080 x 2400 Pixels),,6.43 inch
Điện thoại Realme C21-Y (3-32) Đen - Hàng chính hãng (chỉ giao HN và một số khu vực),3.290.000 ₫,,Realme,Trung Quốc,,,,,,,,,,,,,
Apple iPhone 13 Mini,17.990.000 ₫,v5.0,Apple,Mỹ,,Chip A15 Bionic (5nm),,131.5 x 64.2 x 7.4 mm,Super Retina XDR,,,,135g,4GB,,128GB,5.4 inch
Điện thoại Xiaomi Redmi Note 10S (6GB/128GB) - Hàng chính hãng,5.990.000 ₫,,Xiaomi,Trung Quốc,,MediaTek Helio G95 8 nhân,,,,3.5 mm,Li-Po,,178.8 g,,Full HD+ (1080 x 2400 Pixels),,
Điện thoại di động Vivo Y21s (6+128GB) xanh - Hàng Chính Hãng,5.416.000 ₫,,Vivo,,,,,,,,,,,,,,
Điện thoại Vivo Y15s (3+32GB) xanh đen - Hàng Chính Hãng,2.860.000 ₫,,Vivo,,,,,,,,,,,,,,
Điện thoại Samsung Galaxy Z Fold3 5G (12GB/512GB) - Hàng chính hãng,39.990.000 ₫,"A2DP, LE, v5.2",Samsung,,,Snapdragon 888 8 nhân,"1 nhân 2.84 GHz, 3 nhân 2.4 GHz & 4 nhân 1.8 GHz",Dài 158.2 mm - Ngang 128.1 mm - Dày 6.4 mm - Nặng 271 g,"NFC, OTG",Type-C,Li-Ion,2 Nano SIM + 1 eSIM,271 g,,,,
Điện Thoại Samsung Galaxy Z Flip3 5G 8GB/256GB - Hàng chính hãng chưa active,20.116.000 ₫,,Samsung,Việt Nam,,,,,,,,,,8GB,,,
Điện Thoại Samsung Galaxy S21 FE 5G RAM 8GB - Hàng chính hãng chưa active,17.790.000 ₫,,Samsung,Việt Nam,,,,,,,,,,8GB,,,
Điện Thoại Samsung Galaxy Z Flip3 5G 8GB/128GB - Hàng Chính Hãng,18.226.000 ₫,,Samsung,Việt Nam,,,,,,,,,,8GB,,,
test,540.000 ₫,,OEM,,,,,,,,,,,,,,
Điện thoại Samsung Galaxy A33 5G (8/128GB) - Hàng chính hãng,8.490.000 ₫,5.0,Samsung,Việt Nam,,Exynos 1280,,,Super AMOLED,,Li-Po,Nano,900gr,8GB,Full HD+ (1080 x 2400 Pixels),,6.4 inch
Điện Thoại Oppo A76 6GB/128GB - Hàng Chính Hãng,5.990.000 ₫,5.0,OPPO,,MicroSD,Snapdragon 680,tối đa 2.4GHz,,LCD,3.5 mm,Li-Po,Nano SIM,189g,,,,6.56 inch
Điện Thoại Samsung Galaxy A53 5G (8GB/128GB) - Hàng Chính Hãng,9.690.000 ₫,,Samsung,,MicroSD,Exynos 1280 8 nhân,2 nhân 2.4 GHz & 6 nhân 2 GHz,,Super AMOLED,Type-C,Li-Ion,Nano SIM,189 g,,Full HD+ (1080 x 2400 Pixels),,6.5 inch
Điện thoại Realme C35 4GB/64GB - Hàng chính hãng,3.899.000 ₫,v5.0,Realme,,,Unisoc T616 8 nhân,,,IPS LCD,,,,,,,,6.6 inch
"Điện thoại itel Vision 2 3GB/64GB l Pin 4000mAh l Màn hình 6.6"" l Chip Octa 1.6GHz l Camera Triple Al 13MP - Hàng chính hãng",2.990.000 ₫,,Itel,,,,,,,,,,,,,,
Điện thoại Samsung Galaxy A03 32GB Xanh - Hàng Chính Hãng,2.990.000 ₫,Có,Samsung,,,,,,PLS LCD,3.5 mm,,Nano SIM,,3GB,HD+ (720 x 1600 pixels),32GB,6.5 inch
Điện Thoại Di Động OPPO A55 (4G+64G) - Hàng Chính Hãng,4.190.000 ₫,,OPPO,Việt Nam,,,,,,,,,,,,,
Điện thoại Tecno Pop 5 LTE (2GB/32GB) - Hàng chính hãng,2.099.000 ₫,,Tecno,,,Spreadtrum SC9863,,,,,,,,2GB,,32GB,6.5 inch
Điện thoại Samsung Galaxy A03s 64GB Đen - Hàng Chính Hãng,3.690.000 ₫,Có,Samsung,,,MediaTek MT6765,,,PLS TFT LCD,3.5 mm,Li-Po,Nano,196gr,4GB,HD+ (720 x 1600 pixels),64GB,6.5 inch
Điện thoại Samsung Galaxy M23 5G (6GB/128GB) - Hàng Chính Hãng - Đã kích hoạt bảo hành điện tử,5.030.000 ₫,Bluetooth v5.0,Samsung,,MicroSD (Up to 1TB),Snapdragon 750G,"2.2GHz, 1.8GHz","(HxWxD, mm)
165.5 x 77.0 x 8.4mm",TFT,,Li-Po,Nano SIM,198g,,,,6.6 inch
"Điện thoại Gaming Redmagic 7 - MH AMOLED 6.8"" Full HD+ 165Hz - Qualcomm Snapdragon 8 Gen 1 8 nhân - HT làm mát 8.0 - Hàng chính hãng",18.990.000 ₫,,Redmagic,,,,,,,,,,,,,,
Điện thoại Samsung Galaxy A32 4G 6GB/128GB Xanh - Hàng chính hãng,6.690.000 ₫,Có,Samsung,Việt Nam,,"Vi xử lý Helio G80 (12nm), Octa-core 2.0GHz",,158.9 x 73.6 x 8.4 mm,,,,,,6GB,Full HD+ (1080 x 2400 Pixels),128GB,6.4 inch
Điện thoại Samsung Galaxy A03 32GB Đen - Hàng Chính Hãng,2.990.000 ₫,Có,Samsung,Hàn Quốc,,,,,PLS LCD,3.5 mm,,Nano SIM,,3GB,HD+ (720 x 1600 pixels),32GB,6.5 inch
"Điện thoại ZTE Blade V40 Vita (ZTE 8045) - MH giọt nước HD+ 6.75"" - Pin 6000 mAh sạc nhanh 22.5W - Bộ nhớ mở rộng (4+2)GB - Hàng chính hãng",3.690.000 ₫,,ZTE,,,,,,AMOLED,Không,,nano,,,Full HD+ (1080 x 2160 pixels),,6.7 inch
Điện Thoại OPPO RENO7 4G (8GB/128GB) - Hàng Chính Hãng,7.290.000 ₫,,OPPO,,,,,159.9 x 73.2 x 7.54 mm,,,,,,,,,
