Tên sản phẩm,Gía,Màn hình,Camera sau,Camera trước,Chip,RAM,Bộ nhớ trong,Pin,SIM
Samsung Galaxy S22 Ultra 12/256GB,31.990.000 ₫,"Màn hình 6.8” QHD+ 3088 x 1440, Dynamic AMOLED 2X; Kính cường lực Corning® Gorilla® Glass Victus+®","Siêu rộng: 12MP F2.2 (Dual Pixel AF), Chính: 108MP F1.8 (PDAF) OIS; Tele 1: 10MP F2.4 (3X, Dual Pixel AF) OIS; Tele 2: 10MP F4.9 (10X, Dual Pixel AF) OIS; Thu phóng chuẩn không gian 100X",40MP F2.2 (PDAF),Chip Snapdragon® 8 Gen 1 (4nm),12GB,256GB,Pin 5000 mAh | Sạc siêu nhanh 45W (Củ sạc 45W được bán riêng); Sạc không dây 15W | Chia sẻ pin không dây,2 nano sim hoặc 1 nano sim và 1 esim
Samsung Galaxy S22 8/128GB,19.990.000 ₫,Màn hình 6.1” FHD+; 2340 x 1080; Dynamic AMOLED 2X; Kính cường lực Corning® Gorilla® Glass Victus+®,"Siêu rộng: 12MP F2.2 (FF), Chính: 50MP F1.8 (Dual Pixel AF) OIS; Tele: 10MP F2.4 (3X, PDAF) OIS; Thu phóng chuẩn không gian 30X",10MP F2.2 (Dual Pixel AF),Chip Snapdragon® 8 Gen 1 (4nm),8GB,128GB,Pin 3700 mAh | Sạc siêu nhanh 25W (Củ sạc 25W được bán riêng); Sạc không dây 15W | Chia sẻ pin không dây,2 nano sim hoặc 1 nano sim và 1 esim
Samsung Galaxy S22 Plus 8/128GB,23.990.000 ₫,"Màn hình 6.6” FHD+ 2340 x 1080, Dynamic AMOLED 2X; Kính cường lực Corning® Gorilla® Glass Victus+®","Siêu rộng: 12MP F2.2 (FF), Chính: 50MP F1.8 (Dual Pixel AF) OIS; Tele: 10MP F2.4 (3X, PDAF) OIS; Thu phóng chuẩn không gian 30X",10MP F2.2 (Dual Pixel AF),Chip Snapdragon® 8 Gen 1 (4nm),8GB,128GB,Pin 4500 mAh | Sạc siêu nhanh 45W (Củ sạc 45W được bán riêng); Sạc không dây 15W | Chia sẻ pin không dây,2 nano sim hoặc 1 nano sim và 1 esim
iPhone 13 Pro Max 128GB,29.490.000 ₫,"OLED; 1284 x 2778 Pixels; 6.7""; Tần số quét 120 Hz; Độ sáng tối đa 1200 nits; Kính cường lực Ceramic Shield",3 camera 12 MP; Quay phim 4K 2160p@24fps; 4K 2160p@30fps; 4K 2160p@60fps; FullHD 1080p@240fps; FullHD 1080p@120fps; FullHD 1080p@30fps; FullHD 1080p@60fps; HD 720p@30fps; Đèn Flash; Ban đêm (Night Mode); Trôi nhanh thời gian (Time Lapse); Quay chậm (Slow Motion); Xóa phông; Zoom quang học; Chạm lấy nét; Toàn cảnh (Panorama); Chống rung quang học (OIS); Tự động lấy nét (AF); Nhận diện khuôn mặt; HDR; Ảnh Raw; Dolby Vision HDR; Zoom kỹ thuật số; Góc rộng (Wide); Siêu cận (Macro); Góc siêu rộng,12 MP; Xóa phông; Quay video 4K; Quay video HD; Nhận diện khuôn mặt; Quay video Full HD; Tự động lấy nét (AF); HDR,Apple A15 Bionic 6 nhân; Tốc độ CPU 3.22 GHz; Apple GPU 5 nhân,6 GB,128 GB,"4352 mAh; Li-Ion; Hỗ trợ sạc tối đa 20 W; Sạc pin nhanh, Tiết kiệm pin, Sạc không dây, Sạc ngược không dây",1 Nano SIM & 1 eSIM
iPhone 13 Pro Max 256GB,31.990.000 ₫,"OLED; 1284 x 2778 Pixels; 6.7""; Tần số quét 120 Hz; Độ sáng tối đa 1200 nits; Kính cường lực Ceramic Shield",3 camera 12 MP; Quay phim 4K 2160p@24fps; 4K 2160p@30fps; 4K 2160p@60fps; FullHD 1080p@240fps; FullHD 1080p@120fps; FullHD 1080p@30fps; FullHD 1080p@60fps; HD 720p@30fps; Đèn Flash; Ban đêm (Night Mode); Trôi nhanh thời gian (Time Lapse); Quay chậm (Slow Motion); Xóa phông; Zoom quang học; Chạm lấy nét; Toàn cảnh (Panorama); Chống rung quang học (OIS); Tự động lấy nét (AF); Nhận diện khuôn mặt; HDR; Ảnh Raw; Dolby Vision HDR; Zoom kỹ thuật số; Góc rộng (Wide); Siêu cận (Macro); Góc siêu rộng (,12 MP; Xóa phông; Quay video 4K; Quay video HD; Nhận diện khuôn mặt; Quay video Full HD; Tự động lấy nét (AF); HDR,Apple A15 Bionic 6 nhân; Tốc độ CPU 3.22 GHz; Apple GPU 5 nhân,6 GB,256 GB,"4352 mAh; Li-Ion; Hỗ trợ sạc tối đa 20 W; Sạc pin nhanh, Tiết kiệm pin, Sạc không dây, Sạc ngược không dây",1 Nano SIM & 1 eSIM
Samsung Galaxy Z Flip3 5G 128GB,17.990.000 ₫,"Màn hình chính: 6.7"" FHD+, Dynamix AMOLED 2X, 120Hz Màn hình phụ: 1.9"", Super AMOLED; Infinity-O Display","Chính (góc rộng): 12MP 2PD, OIS, F1.8; Siêu rộng: 12MP, F2.2, 123°; Quay video: 4K@30/60fps, 1080p@60/240fps, 720p@960fps, HDR10+;",10MP f2.4,Qualcomm SM8350 Snapdragon 888 (5 nm); Octa-core,8GB,128GB,Li-Po 3300 mAh; Fast charging 15W Fast wireless charging 10W,1 physical SIM + eSIM
Samsung Galaxy A33 5G (8/128GB),7.990.000 ₫,"Super AMOLED; 1080 x 2400; 6.4""; 90Hz; 800 nits; Gorilla Glass 5","48+8+5+2 MP, Quay phim 4K@30fps; Đèn flash, Ban đêm (Night Mode), Bộ lọc màu, Chuyên nghiệp (Pro), Chạm lấy nét, Chống rung quang học (OIS), Góc rộng (Wide), Góc siêu rộng (Ultrawide), HDR, Làm đẹp, Lấy nét theo pha (PDAF), Nhận diện khuôn mặt, Quay chậm (Slow Motion), Quay Siêu chậm (Super Slow Motion), Siêu cận (Macro), Toàn cảnh (Panorama), Trôi nhanh thời gian (Time Lapse), Tự động lấy nét (AF), Xóa phông, Zoom kỹ thuật số","13MP; Bộ lọc màu, Chụp đêm (Night Mode), Góc rộng (Wide), HDR, Live Photo, Làm đẹp, Nhận diện khuôn mặt, Xóa phông",Exynos 1280; 8 nhân 2 nhân 2.4GHz & 6 nhân 28GHz; Mali-G68,8GB,128GB,5000 mAh; Li-Po; Sạc siêu nhanh; Hỗ trợ sạc tối đa 25W,1 nano SIM + 1 SIM dùng chung khe thẻ nhớ
Samsung Galaxy A53 5G,8.790.000 ₫,"Super AMOLED 1080 x 2400 6.5"" 120Hz 800 nits","64 + 12 +5 + 5 MP, 4K@30fps, Ban đêm (Night Mode), Bộ lọc màu, Chuyên nghiệp (Pro), Chạm lấy nét, Chống rung quang học (OIS), Góc rộng (Wide), Góc siêu rộng (Ultrawide), HDR, Làm đẹp, Lấy nét theo pha (PDAF), Nhận diện khuôn mặt, Quay chậm (Slow Motion), Quay Siêu chậm (Super Slow Motion), Siêu cận (Macro), Toàn cảnh (Panorama), Trôi nhanh thời gian (Time Lapse), Tự động lấy nét (AF), Xóa phông, Zoom kỹ thuật số, Làm nét ảnh (Remaster), Xóa đối tượng (Object Eraser), Đèn Flash","32MP Bộ lọc màu, Chụp đêm (Night Mode), Góc rộng (Wide), HDR, Live Photo, Làm đẹp, Nhận diện khuôn mặt, Xóa phông",Exynos 1280 8 nhân 2 nhân 2.4GHz & 6 nhân 28GHz,8GB,128GB,5000 mAh,1 nano SIM + 1 SIM dùng chung khe thẻ nhớ
Samsung Galaxy Z Fold3 5G 512GB,34.990.000 ₫,"Màn hình chính: UDC, 7.6"""" QXGA+, Dynamic AMOLED 2X, 120Hz Màn hình phụ: 6.2; HD+, Dynamix AMOLED 2X, 120Hz; Infinity Display: Camera ẩn dưới màn hình","Chính (góc rộng): 12MP (2PD), F1.8, OIS; Siêu rộng: 12MP, F2.2, 123°; Bokeh/ Tele: 12MP, F2.4, OIS, 2x Zoom; Quay video 4K@60fps, 1080p@60/240fps (gyro-EIS), 720p@960fps (gyro-EIS), HDR10+; Other/Art/ Macro Màn hình chính: UDC, 4MP, FF, F1.8","Màn hình phụ: HID, 10MP, FF, F2.2",Qualcomm SM8350 Snapdragon 888 (5 nm); Octa-core,12GB,512GB,Li-Po 4400 mAh; Fast charging 25W Fast wireless charging 10W,2 physical SIM + eSIM Spen (Main Screen only)
Samsung Galaxy A73 5G (8/128GB),10.990.000 ₫,"Super AMOLED Plus; 1080 x 2400; 6.7""; 120Hz; 800 nits; Gorilla Glass 5","108+12+5+5MP; Quay phim 4K@30fps; Đèn Flash; Ban đêm (Night Mode), Bộ lọc màu, Chuyên nghiệp (Pro), Chạm lấy nét, Chống rung quang học (OIS), Góc rộng (Wide), Góc siêu rộng (Ultrawide), HDR, Làm đẹp, Lấy nét theo pha (PDAF), Nhận diện khuôn mặt, Quay chậm (Slow Motion), Quay Siêu chậm (Super Slow Motion), Siêu cận (Macro), Toàn cảnh (Panorama), Trôi nhanh thời gian (Time Lapse), Tự động lấy nét (AF), Xóa phông, Zoom kỹ thuật số, Làm nét ảnh (Remaster), Xóa đối tượng (Object Eraser)","32MP, Bộ lọc màu, Chụp đêm (Night Mode), Góc rộng (Wide), HDR, Live Photo, Làm đẹp, Nhận diện khuôn mặt, Xóa phông",Snapdragon 778G 5G; 4 nha6n 2.4GHz & 4 nha6n 1.8GHz; Adreno 642L,8GB,128GB,"5000 mAh; Li-Po, Sạc siêu nhanh, Hỗ trợ sạc tối đa 25W",1 nano SIM + 1 SIM dùng chung khe thẻ nhớ
iPhone 13 Pro Max 1TB,41.790.000 ₫,"OLED; 1284 x 2778 Pixels; 6.7""; Tần số quét 120 Hz; Độ sáng tối đa 1200 nits; Kính cường lực Ceramic Shield",3 camera 12 MP; Quay phim 4K 2160p@24fps; 4K 2160p@30fps; 4K 2160p@60fps; FullHD 1080p@240fps; FullHD 1080p@120fps; FullHD 1080p@30fps; FullHD 1080p@60fps; HD 720p@30fps; Đèn Flash; Ban đêm (Night Mode); Trôi nhanh thời gian (Time Lapse); Quay chậm (Slow Motion); Xóa phông; Zoom quang học; Chạm lấy nét; Toàn cảnh (Panorama); Chống rung quang học (OIS); Tự động lấy nét (AF); Nhận diện khuôn mặt; HDR; Ảnh Raw; Dolby Vision HDR; Zoom kỹ thuật số; Góc rộng (Wide); Siêu cận (Macro); Góc siêu rộng,12 MP; Xóa phông; Quay video 4K; Quay video HD; Nhận diện khuôn mặt; Quay video Full HD; Tự động lấy nét (AF); HDR,Apple A15 Bionic 6 nhân; Tốc độ CPU 3.22 GHz; Apple GPU 5 nhân,6 GB,1 TB,"4352 mAh; Li-Ion; Hỗ trợ sạc tối đa 20 W; Sạc pin nhanh, Tiết kiệm pin, Sạc không dây, Sạc ngược không dây",1 Nano SIM & 1 eSIM
Samsung Galaxy A23 (4/128GB),5.290.000 ₫,"IPS LCD 6.6"" 90Hz Full HD+","Chính 50 MP & Phụ 5 MP, 2 MP, 2 MP, FHD@30fps, HD@12fps, Đèn Flash, Chống rung quang học (OIS) Siêu rộng 123 độ Single take Xoá phông Macro Chế độ ban đêm (night mode) Panorama Slow-mo / Super slow-mo HDR Time Lapse","8 MP, Xoá phông Làm đẹp khuôn mặt",Snapdragon 680 8 nhân,4 GB,128 GB,5000 mAh25 W,2 Nano SIMHỗ trợ 4G
Samsung Galaxy A33 5G (6/128GB),7.490.000 ₫,"Super AMOLED; 1080 x 2400; 6.4""; 90Hz; 800 nits; Gorilla Glass 5","48+8+5+2 MP, Quay phim 4K@30fps; Đèn flash, Ban đêm (Night Mode), Bộ lọc màu, Chuyên nghiệp (Pro), Chạm lấy nét, Chống rung quang học (OIS), Góc rộng (Wide), Góc siêu rộng (Ultrawide), HDR, Làm đẹp, Lấy nét theo pha (PDAF), Nhận diện khuôn mặt, Quay chậm (Slow Motion), Quay Siêu chậm (Super Slow Motion), Siêu cận (Macro), Toàn cảnh (Panorama), Trôi nhanh thời gian (Time Lapse), Tự động lấy nét (AF), Xóa phông, Zoom kỹ thuật số","13MP; Bộ lọc màu, Chụp đêm (Night Mode), Góc rộng (Wide), HDR, Live Photo, Làm đẹp, Nhận diện khuôn mặt, Xóa phông",Exynos 1280; 8 nhân 2 nhân 2.4GHz & 6 nhân 28GHz; Mali-G68,6GB,128GB,5000 mAh; Li-Po; Sạc siêu nhanh; Hỗ trợ sạc tối đa 25W,1 nano SIM + 1 SIM dùng chung khe thẻ nhớ
Samsung Galaxy A13 (4/128GB),4.190.000 ₫,"IPS LCD, 6.6"" 1080 x 2408 Full HD+","Chính 50 MP & Phụ 5 MP, 2 MP, 2 MP, FHD@30fps, HD@12fps, Đèn Flash, Siêu rộng 123 độ Single take Xoá phông Macro Chế độ ban đêm (night mode) Panorama Slow-mo / Super slow-mo HDR Time Lapse","8 MP, Xoá phông Làm đẹp khuôn mặt",Exynos 850 4 nhân 2.0GHz + 4 nhân 2.0GHz,4 GB,128 GB,5000 mAh15 W,"2 Nano SIM, Hỗ trợ 4G"
Samsung Galaxy A03s,3.490.000 ₫,"PLS TFT LCD; 720 x 1600 (HD+); 6.5""; 60Hz; 400 nits; Mặt kính cong 3D; 16 triệu màu","13 + 2 + 2 MP; FHD (1920 x 1080)@30fps; Đèn Flash; Chạm lấy nét Làm đẹp, Nhận diện khuôn mặt, Siêu cận (Macro), Tự động lấy nét (AF), Xóa phông, Zoom kỹ thuật số","5 MP; Làm đẹp, Nhận diện khuôn mặt, Tự động lấy nét (AF); Xoá phông",MediaTek MT6765; 4 nhân 2.3 GHz & 4 nhân 1.8 GHz; IMG PowerVR GE8320,4GB,64GB,5000 mAh; Li-po; Tiết kiệm pin; Hỗ trợ sạc tối đa 7.75 W,2 nano SIM + 1 thẻ nhớ riêng
Samsung Galaxy A03,2.890.000 ₫,"PLS LCD; 720 x 1600; 6.5""; 60 Hz; 400 nits; Mặt kính cong 2.5D",48 + 2 MP; 1080p@30fps; LED flash; Chạm lấy nét; HDR; Nhận diện khuôn mặt; Toàn cảnh (Panorama); Xóa phông; Zoom kỹ thuật số,5 MP; Làm đẹp; Nhận diện khuôn mặt; Xóa phông,UNISOC T606; 8 nhân (2 nhân ARM A75 1.6GHz & 6 nhân ARM A55 1.6GHz); ARM Mali G57,3GB,32GB,5000 mAh; Li-po; Hỗ trợ sạc tối đa 7.75 W,2 nano SIM + 1 thẻ nhớ riêng
iPhone 13 Pro 128GB,27.490.000 ₫,"OLED; 1170 x 2532 Pixels; 6.1""; Tần số quét 120 Hz; Độ sáng tối đa 1200 nits; Kính cường lực Ceramic Shield","3 camera 12 MP; Quay phim 4K 2160p@24fps, 4K 2160p@30fps, 4K 2160p@60fps, FullHD 1080p@240fps, FullHD 1080p@120fps, FullHD 1080p@30fp,s FullHD 1080p@60fps, HD 720p@30fps; Ban đêm (Night Mode), Trôi nhanh thời gian (Time Lapse), Quay chậm (Slow Motion), Xóa phông, Zoom quang học, Chạm lấy nét, Toàn cảnh (Panorama), Chống rung quang học (OIS), Tự động lấy nét (AF), Nhận diện khuôn mặt, HDR, Ảnh Raw, Dolby Vision HDR, Zoom kỹ thuật số, Góc rộng (Wide), Siêu cận (Macro), Góc siêu rộng (Ultrawide);","12 MP; Xóa phông, Quay video 4K, Quay video HD, Nhận diện khuôn mặt, Quay video Full HD, Tự động lấy nét (AF), HDR",Apple A15 Bionic 6 nhân; Tốc độ CPU: 3.22 GHz; Apple GPU 5 nhân,6 GB,128 GB,"3095 mAh; Li-Ion; Hỗ trợ sạc tối đa 20 W; Sạc pin nhanh, Tiết kiệm pin, Sạc không dây, Sạc ngược không dây",1 Nano SIM & 1 eSIM
iPhone 13 Pro 256GB,29.690.000 ₫,"OLED; 1170 x 2532 Pixels; 6.1""; Tần số quét 120 Hz; Độ sáng tối đa 1200 nits; Kính cường lực Ceramic Shield","3 camera 12 MP; Quay phim 4K 2160p@24fps, 4K 2160p@30fps, 4K 2160p@60fps, FullHD 1080p@240fps, FullHD 1080p@120fps, FullHD 1080p@30fp,s FullHD 1080p@60fps, HD 720p@30fps; Ban đêm (Night Mode), Trôi nhanh thời gian (Time Lapse), Quay chậm (Slow Motion), Xóa phông, Zoom quang học, Chạm lấy nét, Toàn cảnh (Panorama), Chống rung quang học (OIS), Tự động lấy nét (AF), Nhận diện khuôn mặt, HDR, Ảnh Raw, Dolby Vision HDR, Zoom kỹ thuật số, Góc rộng (Wide), Siêu cận (Macro), Góc siêu rộng (Ultrawide);","12 MP; Xóa phông, Quay video 4K, Quay video HD, Nhận diện khuôn mặt, Quay video Full HD, Tự động lấy nét (AF), HDR",Apple A15 Bionic 6 nhân; Tốc độ CPU: 3.22 GHz; Apple GPU 5 nhân,6 GB,256 GB,"3095 mAh; Li-Ion; Hỗ trợ sạc tối đa 20 W; Sạc pin nhanh, Tiết kiệm pin, Sạc không dây, Sạc ngược không dây",1 Nano SIM & 1 eSIM
Samsung Galaxy S22 Ultra 8/128GB,28.990.000 ₫,"Màn hình 6.8” QHD+ 3088 x 1440, Dynamic AMOLED 2X; Kính cường lực Corning® Gorilla® Glass Victus+®","Siêu rộng: 12MP F2.2 (Dual Pixel AF), Chính: 108MP F1.8 (PDAF) OIS; Tele 1: 10MP F2.4 (3X, Dual Pixel AF) OIS; Tele 2: 10MP F4.9 (10X, Dual Pixel AF) OIS; Thu phóng chuẩn không gian 100X",40MP F2.2 (PDAF),Chip Snapdragon® 8 Gen 1 (4nm),8GB,128GB,Pin 5000 mAh | Sạc siêu nhanh 45W (Củ sạc 45W được bán riêng); Sạc không dây 15W | Chia sẻ pin không dây,2 nano sim hoặc 1 nano sim và 1 esim
iPhone 11 64GB,12.290.000 ₫,"IPS LCD, 6.1"", Liquid Retina HD",Chính 12 MP & Phụ 12 MP,12 MP,Apple A13 Bionic 6 nhân,4 GB,64 GB,3110 mAh,"Nano SIM & eSIM, Hỗ trợ 4G"
OPPO Reno6 5G,10.490.000 ₫,"6.43 inch, màn hình đục lỗ; AMOLED; 90Hz, Gorilla Glass 5; 1080 x 2400 (FHD+); 16 triệu màu",64MP (Chính) + 8MP (Góc rộng) + 2MP (Marco) F/1.7 + F/2.2 + F/2.4; Đèn flash sau,32MP; F/2.4,"MTK Dimensity 900 5G, tối đa 2.4GHz; Mali-G68 MC4",8GB,128GB,4300mAh; (Typ) Sạc siêu nhanh superVOOC 2.0 65W,Dual nano-SIM
iPhone 13 mini 128GB,18.990.000 ₫,"OLED; Full HD+ (1080 x 2340 Pixels); 5.4""; Tần số quét 60 Hz; Độ sáng tối đa 1200 nits; Kính cường lực Ceramic Shield",2 camera 12 MP; Quay phim 4K 2160p@24fps; 4K 2160p@30fps; 4K 2160p@60fps; FullHD 1080p@240fps; FullHD 1080p@120fps; FullHD 1080p@30fps; FullHD 1080p@60fps; HD 720p@30fps; Đèn Flash; Ban đêm (Night Mode); Trôi nhanh thời gian (Time Lapse); Quay chậm (Slow Motion); Xóa phông; Zoom quang học; Chạm lấy nét; Toàn cảnh (Panorama); Chống rung quang học (OIS); Tự động lấy nét (AF); Nhận diện khuôn mặt; HDR; Dolby Vision HDR; Zoom kỹ thuật số Góc rộng (Wide); Góc siêu rộng (Ultrawide),12 MP; Xóa phông; Quay video 4K; Quay video HD; Nhận diện khuôn mặt; Quay video Full HD; Tự động lấy nét (AF); HDR,Apple A15 Bionic 6 nhân; Tốc độ CPU: 3.22 GHz; Apple GPU 4 nhân,4 GB,128 GB,2438 mAh; Li-Ion; Hỗ trợ sạc tối đa 20 W; Sạc không dây; Sạc không dây MagSafe; Tiết kiệm pin; Sạc pin nhanh,1 Nano SIM & 1 eSIM
iPhone 13 128GB,20.990.000 ₫,"OLED; 1170 x 2532 Pixels; 6.1""; Tần số quét 60 Hz; Độ sáng tối đa 1200 nits; Kính cường lực Ceramic Shield","2 camera 12 MP; Quay phim 4K 2160p@24fps, 4K 2160p@30fps, 4K 2160p@60fps, FullHD 1080p@240fps, FullHD 1080p@120fps, FullHD 1080p@30fps, FullHD 1080p@60fps, HD 720p@30fps; Đèn Flash; Ban đêm (Night Mode), Trôi nhanh thời gian (Time Lapse), Quay chậm (Slow Motion), Xóa phông, Zoom quang học, Chạm lấy nét, Toàn cảnh (Panorama), Chống rung quang học (OIS), Tự động lấy nét (AF), Nhận diện khuôn mặt, HDR, Dolby Vision HDR, Zoom kỹ thuật số Góc rộng (Wide), Góc siêu rộng (Ultrawide)","12 MP; Xóa phông, Quay video 4K, Quay video HD, Nhận diện khuôn mặt, Quay video Full HD, Tự động lấy nét (AF), HDR",Apple A15 Bionic 6 nhân; Tốc độ CPU: 3.22 GHz; Apple GPU 4 nhân,4 GB,128 GB,"3240 mAh; Li-Ion; Hỗ trợ sạc tối đa 20 W; Sạc pin nhanh, Tiết kiệm pin, Sạc không dây, Sạc ngược không dây",1 Nano SIM & 1 eSIM
iPhone 11 128GB,13.790.000 ₫,"6.1 inches, Liquid Retina HD",Chính 12 MP & Phụ 12 MP,12 MP,Apple A13 Bionic,4 GB,128 GB,3110 mAh- Pin chuẩn Li-Ion,"Nano SIM & eSIM, có hỗ trợ 4G"
Xiaomi Redmi Note 11 Pro 5G,7.990.000 ₫,"OLED; 2400x1080; 6.67""; 120hz; Glass 5","108MP + 8MP + 2MP; Full HD -60fps; Đèn Flash; HDR, góc rộng",16MP,Snapdragon 695; 2.2ghz; Mali G75,8GB,128GB,5000mah; Li-ion; Super charge 67W,Nano 2 sim
Samsung Galaxy S22 Ultra 12/512GB,34.990.000 ₫,"Màn hình 6.8” QHD+ 3088 x 1440, Dynamic AMOLED 2X; Kính cường lực Corning® Gorilla® Glass Victus+®","Siêu rộng: 12MP F2.2 (Dual Pixel AF), Chính: 108MP F1.8 (PDAF) OIS; Tele 1: 10MP F2.4 (3X, Dual Pixel AF) OIS; Tele 2: 10MP F4.9 (10X, Dual Pixel AF) OIS; Thu phóng chuẩn không gian 100X",40MP F2.2 (PDAF),Chip Snapdragon® 8 Gen 1 (4nm),12GB,512GB,Pin 5000 mAh | Sạc siêu nhanh 45W (Củ sạc 45W được bán riêng); Sạc không dây 15W | Chia sẻ pin không dây,2 nano sim hoặc 1 nano sim và 1 esim
Xiaomi Redmi Note 11 Pro,6.790.000 ₫,"OLED; 2400x1080; 6.67""; 120hz; Glass 5","108MP + 8MP + 2MP + 2MP; Full HD -60fps; Đèn Flash; HDR, góc rộng",16MP,Mediatek G96; 2.05ghz; Mali G75,8GB,128GB,5000mah; Li-ion; Super charge 67W,Nano 2 sim
Nokia C21 Plus 3GB-64GB,2.890.000 ₫,6.5”(6.517“) HD+ màn hình giọt nước | Tỉ lệ 20:9,"13 MP AF + 2 MP độ sâu trường ảnh với đèn Flash, HDR | Chế độ làm đẹp | Chế độ chụp toàn cảnh Panorama",5MP với đèn Flash,SC9863A Octa-core với xung nhịp lên đến 1.6Ghz,3GB,64GB,5050 mAh4 | Pin liền; Sạc 5V/2A,Nano SIM + Nano SIM + Micro SD
Realme C25Y,4.190.000 ₫,"LCD - tần số quét 60Hz; HD+ 1600*720, tỷ lệ hiển thị màn hình 88.7%, độ sáng màn hình lên đến 420 nits; 6.5 inch; Corning Gorilla Glass 3","Camera chính: 50MP + f/1.8; Camera chân dung đen trắng: 2MP + f/2.4; Camera chụp siêu cận: 2MP + f/2.4; Quay video 720P/30fps; Quay video 1080P/30fps; Quay video1080P/60fps; Quay phim Slow-Motion 120fps @ 720P; Chế độ làm đẹp, bộ lọc, Chế độ HDR, chế độ xem toàn cảnh, Chân dung, Timelapse, Slo-mo, Chụp đêm, Chuyên gia, Đèn Flash;","8MP + f/2.0; Videocall Hỗ trợ gọi điện thoại video (tất cả ứng dụng thứ 3); Chế độ làm đẹp, chế độ HDR, chế độ toàn cảnh, chế độ chân dung, bộ lọc màu, timelapse, quay phim 480P / 30fps, 720P / 30fps; Flash màn hình","Unisoc T618; 8 nhân, xung nhịp lên đến 2.0GHz; ARM Mali-G52",4GB,128GB,5000mAh; Li-po; Sạc nhanh 18W,Dual-SIM (Nano SIM)
Xiaomi Redmi 10 5G 4/64GB,4.790.000 ₫,"Màn hình FHD+ Dot drop display; 2408x1080; 6.58""; 90hz; 1000 nit; Glass 3",Camera chính 50MP + 2MP ; Full HD -60fps; Đèn Flash;HDR; góc rộng,Camera phụ 5MP - f/2.2,MediaTek Dimensity 700; 2.2Ghz; ARM Mali-G57 MC2,4GB,64GB,5000mah; Li-ion; hỗ trợ sạc nhanh 18W,Dual SIM + MicroSD
OPPO Reno7 Z 5G,9.990.000 ₫,"AMOLED 6.43 inch 1080 x 2400 (FHD+) 60Hz, 6.43 inch, màn hình đục lỗ, 16 triệu màu, Kính cường lực Schott X-UP",64MP (Chính) + 2MP (Mono) + 2MP (Marco) F/1.7 + F/2.4 + F/2.4,16MP F/2.4,"Qualcomm Snapdragon 695 5G, tối đa 2.2GHz",8GB,128GB,"4500mAh (Typ), Siêu sạc nhanh superVOOC 33W",Dual nano-SIM hoặc 1 nano-SIM+1 thẻ nhớ
Vivo Y15s,3.090.000 ₫,6.51 inch; 1600*720 (HD+); LCD (IPS); Cảm ứng điện dung đa điểm,"13MP+2MP; f/2.2 (13MP) + f/2.4 (2MP); Đèn Flash camera sau; Chụp Toàn Cảnh, Chế Độ Làm Đẹp, Chụp Ảnh, Quay Video, Live Photo, Quay Tua Nhanh Thời Gian, Chuyên Nghiệp, DOC",Trước 8MP; f/2.0 (8MP),MediaTek Helio P35;,3GB,32GB,5000mAh (TYP);,Hai SIM hai sóng (DSDS)
Vivo Y33s,5.340.000 ₫,6.58 inch; 2408×1080 (FHD+); LCD; Cảm ứng điện dung đa điểm,"50MP + 2MP + 2MP; f/1.8 (50MP) + f/2.4 (2MP) + f/2.4 (2MP); Đèn Flash camera sau; Chụp Đêm, Chân Dung Xóa Phông, Chụp Ảnh, Quay Video, Chụp Toàn Cảnh, Live Photo, Quay Chuyển Động Chậm, Quay Tua Nhanh Thời Gian, Chuyên Nghiệp, DOC, 50MP","16MP; f/2.0 (16MP), Chụp Đêm,",MediaTek Helio G80,8GB,128GB,"5000mAh (TYP); Polymer cao cấp, Sạc Siêu Tốc 18W",Hai SIM hai sóng (DSDS)
OPPO Reno7,8.490.000 ₫,"6.4 inch, màn hình đục lỗ AMOLED 1080 x 2400 (FHD+) 90Hz, Kính cường lực Gorilla Glass 5",64MP (Chính) + 2MP (Marco) + 2MP (Bokeh) F/1.7 + F/3.3 + F/2.4 Đèn flash :Có,32MP F/2.4,"Qualcomm Snapdragon 680, tối đa 2.4GHz",8GB,128GB,4500mAh (Typ) Siêu sạc nhanh superVOOC 33W,Dual nano-SIM + 1 thẻ nhớ
Nokia C20,1.990.000 ₫,Màn hình 6.5” chuẩn HD+ giọt nước| tỉ lệ 20:9,"5MP, f2.2 với đèn Flash HDR | Chế độ làm đẹp","5MP, f2.2 với đèn Flash",SC9863A 8 nhân | 1.6GHz,2 GB DDR3 DRAM,32 GB e-MMC 5.1,"2950 mAh | pin rời, 5V1A",2 sim Nano + MicroSD
Nokia C20 2GB-16GB,1.990.000 ₫,Màn hình 6.5” chuẩn HD+ giọt nước| tỉ lệ 20:9,"5MP, f2.2 với đèn Flash HDR | Chế độ làm đẹp","5MP, f2.2 với đèn Flash",SC9863A 8 nhân | 1.6GHz,2 GB DDR3 DRAM,16 GB e-MMC 5.1,"2950 mAh | pin rời, 5V1A",2 sim Nano + MicroSD
Samsung Galaxy Z Fold3 5G 256GB,31.990.000 ₫,"Màn hình chính: UDC, 7.6"""" QXGA+, Dynamic AMOLED 2X, 120Hz Màn hình phụ: 6.2; HD+, Dynamix AMOLED 2X, 120Hz; Infinity Display: Camera ẩn dưới màn hình","Chính (góc rộng): 12MP (2PD), F1.8, OIS; Siêu rộng: 12MP, F2.2, 123°; Bokeh/ Tele: 12MP, F2.4, OIS, 2x Zoom; Quay video 4K@60fps, 1080p@60/240fps (gyro-EIS), 720p@960fps (gyro-EIS), HDR10+; Other/Art/ Macro Màn hình chính: UDC, 4MP, FF, F1.8","Màn hình phụ: HID, 10MP, FF, F2.2",Qualcomm SM8350 Snapdragon 888 (5 nm); Octa-core,12GB,256GB,Li-Po 4400 mAh; Fast charging 25W Fast wireless charging 10W,2 physical SIM + eSIM Spen (Main Screen only)
Samsung Galaxy Z Flip3 5G 256GB,19.990.000 ₫,"Màn hình chính: 6.7"" FHD+, Dynamix AMOLED 2X, 120Hz Màn hình phụ: 1.9"", Super AMOLED; Infinity-O Display","Chính (góc rộng): 12MP 2PD, OIS, F1.8; Siêu rộng: 12MP, F2.2, 123°; Quay video: 4K@30/60fps, 1080p@60/240fps, 720p@960fps, HDR10+;",10MP f2.4,Qualcomm SM8350 Snapdragon 888 (5 nm); Octa-core,8GB,256GB,Li-Po 3300 mAh; Fast charging 15W Fast wireless charging 10W,1 physical SIM + eSIM
Samsung Galaxy S22 8/256GB,21.490.000 ₫,Màn hình 6.1” FHD+; 2340 x 1080; Dynamic AMOLED 2X; Kính cường lực Corning® Gorilla® Glass Victus+®,"Siêu rộng: 12MP F2.2 (FF), Chính: 50MP F1.8 (Dual Pixel AF) OIS; Tele: 10MP F2.4 (3X, PDAF) OIS; Thu phóng chuẩn không gian 30X",10MP F2.2 (Dual Pixel AF),Chip Snapdragon® 8 Gen 1 (4nm),8GB,256GB,Pin 3700 mAh | Sạc siêu nhanh 25W (Củ sạc 25W được bán riêng); Sạc không dây 15W | Chia sẻ pin không dây,2 nano sim hoặc 1 nano sim và 1 esim
Samsung Galaxy S22 Plus 8/256GB,25.490.000 ₫,"Màn hình 6.6” FHD+ 2340 x 1080, Dynamic AMOLED 2X; Kính cường lực Corning® Gorilla® Glass Victus+®","Siêu rộng: 12MP F2.2 (FF), Chính: 50MP F1.8 (Dual Pixel AF) OIS; Tele: 10MP F2.4 (3X, PDAF) OIS; Thu phóng chuẩn không gian 30X",10MP F2.2 (Dual Pixel AF),Chip Snapdragon® 8 Gen 1 (4nm),8GB,256GB,Pin 4500 mAh | Sạc siêu nhanh 45W (Củ sạc 45W được bán riêng); Sạc không dây 15W | Chia sẻ pin không dây,2 nano sim hoặc 1 nano sim và 1 esim
Xiaomi Redmi 10 5G 6/128GB,5.590.000 ₫,"Màn hình FHD+ Dot drop display; 2408x1080; 6.58""; 90hz; 1000 nit; Glass 3",Camera chính 50MP + 2MP ; Full HD -60fps; Đèn Flash;HDR; góc rộng,Camera phụ 5MP - f/2.2,MediaTek Dimensity 700; 2.2Ghz; ARM Mali-G57 MC2,6GB,128GB,5000mah; Li-ion; hỗ trợ sạc nhanh 18W,Dual SIM + MicroSD
Xiaomi Redmi 10C 4/128GB,3.690.000 ₫,6.71” HD+ Dot Drop Display,50MP + 2MP,5MP,Snapdragon 680; 2.4ghz,4GB,128GB,5000mah; hỗ trợ sạc nhanh 18W,Nano 2 sim
iPhone 12 64GB,17.490.000 ₫,"OLED; Super Retina XDR display; 1170 x 2532 Pixels; 6.1""","2 camera 12 MP; FullHD 1080p@30fps, 4K 2160p@24fps, 4K 2160p@30fps, 4K 2160p@60fps, FullHD 1080p@120fps, HD 720p@30fps, FullHD 1080p@240fps, FullHD 1080p@60fps; Đèn LED kép; Ban đêm (Night Mode), Trôi nhanh thời gian (Time Lapse), Quay chậm (Slow Motion), Xoá phông, Zoom quang học, Toàn cảnh (Panorama), Tự động lấy nét (AF), Nhận diện khuôn mặt, HDR, Zoom kỹ thuật số, Góc rộng (Wide), Góc siêu rộng (Ultrawide)","12 MP; Xoá phông, Quay phim 4K, Nhãn dán (AR Stickers), Retina Flash, Quay video HD, Nhận diện khuôn mặt, Quay video Full HD, Tự động lấy nét (AF), HDR, Quay chậm (Slow Motion)",Apple A14 Bionic 6 nhân,4GB,64 GB,"2815 mAh, Li-Ion; Sạc không dây MagSafe, Tiết kiệm pin, Sạc không dây, Sạc pin nhanh",1 Nano SIM & 1 eSIM
Vivo Y21s 4GB/128GB,4.690.000 ₫,6.51 inch; 1600*720 (HD+); LCD; Cảm ứng điện dung đa điểm,"50MP + 2MP + 2MP; f/1.8 (50MP) + f/2.4 (2MP) + f/2.4 (2MP); Đèn Flash camera sau; Chụp Đêm, Chân Dung, Chụp Ảnh, Quay Video, Chụp Toàn Cảnh, Live Photo, Quay Chuyển Động Chậm, Quay Tua Nhanh Thời Gian, Chuyên Nghiệp, DOC, 50MP",8MP; f/2.0 (8MP); Chụp Đêm,Mediatek Helio G80,4GB,128GB,5000mAh (TYP); Sạc Siêu Tốc 18W,Hai SIM hai sóng (DSDS)
Vivo Y21s 6GB/128GB,5.190.000 ₫,6.51 inch; 1600*720 (HD+); LCD; Cảm ứng điện dung đa điểm,"50MP + 2MP + 2MP; f/1.8 (50MP) + f/2.4 (2MP) + f/2.4 (2MP); Đèn Flash camera sau; Chụp Đêm, Chân Dung, Chụp Ảnh, Quay Video, Chụp Toàn Cảnh, Live Photo, Quay Chuyển Động Chậm, Quay Tua Nhanh Thời Gian, Chuyên Nghiệp, DOC, 50MP",8MP; f/2.0 (8MP); Chụp Đêm,Mediatek Helio G80,6GB,128GB,5000mAh (TYP); Sạc Siêu Tốc 18W,Hai SIM hai sóng (DSDS)
OPPO A76,5.990.000 ₫,"6.56 inch, màn hình chấm O, LCD, 90Hz, Kính cường lực AGC DT-Pro, 720 x 1612 (HD+), 16 triệu màu","13 MP (chính) + 2 MP (đơn sắc), F/2.2 + F/2.4; Đèn flash sau","8 MP, F/2.0","Qualcomm Snapdragon 680, tối đa 2.4GHz, Adreno 610",6GB,128GB,5000mAh (Typ); Sạc siêu nhanh SuperVOOC 33W,Dual nano-SIM + 1 thẻ nhớ
OPPO A95,6.490.000 ₫,"6.43 inch, màn hình chấm O; AMOLED; Kính cường lực Schott X-UP; 1080 x 2400 (FHD+); 16 triệu màu",48 MP (chính) + 2 MP (chiều sâu) + 2 MP (marco); F/1.7 + F/2.4 + F/2.4; Đèn flash sau;,16 MP; F/2.4,"Qualcomm Snapdragon 662, tối đa 2.0GHz; Adreno 610",8GB,128GB,5000mAh (Typ); Sạc 33W,Dual nano-SIM + 1 thẻ nhớ
Xiaomi 11T 5G 8/128GB,9.290.000 ₫,AMOLED; 2400*1080; 6.67''; 120Hz; 1000 nits; Corning®️ Gorilla®️ Glass Victus™,"108MP+8MP+5MP ; 4K 3840x2160 ở tốc độ 30 fps; 1080p 1920x1080 ở tốc độ 60 fps; 1080p 1920x1080 ở tốc độ 30 fps; 720p 1280x720 ở tốc độ 30 fps, Hỗ trợ đền flash; Audio zoom Một chạm AI camera Cinematic video filters HDR video Pro Time-lapse Chế độ Video pro",16MP ; Sellfie chế độ ban đêm,Meida Tek Dimensity 1200-Ultra; Tốc độ tối đa 3.0 GHz; TBC,8GB,128GB,5000 mAh; Li-po; Sạc siêu nhanh 67W,2 nano SIM
Xiaomi 11T Pro 5G 12/256GB,12.490.000 ₫,AMOLED; 2400*1080; 6.67''; 120Hz; 1000 nits; Corning Gorilla Glass Victus,"108MP góc rộng +8MP góc siêu rộng+5MP chụp cận cảnh; 8K 7680x4320 ở tốc độ 30 fps; 4K 3840x2160 ở tốc độ 60 fps; 4K 3840x2160 ở tốc độ 30 fps; 1080p 1920x1080 ở tốc độ 60 fps; 1080p 1920x1080 ở tốc độ 30 fps 720p 1280x720 ở tốc độ 30 fps; Hỗ trợ đèn flash; Chế độ ban đêm; Chế độ ban đêm AI; AI Erase 2.0; Chế độ Long Exposure (Phơi sáng lâu) có sáu hiệu ứng (Đám đông di chuyển, Neon trails, Tranh sơn dầu, Bức tranh ánh sáng, Bầu trời sao và Sao rơi; Photo Clones; Chế độ 108 MP; Chế độ tài liệu",16MP ; Chế độ selfie ban đêm; HDR Video; Làm đẹp,"Qualcomm® Snapdragon™ 888; CPU Kryo 680 có xung nhịp lên đến 2,84 GHz, được trang bị nhân siêu to ARM Cortex-X1; Qualcomm® Adreno™ 660",12GB,256GB,5000 mAh; Li-po; Sạc nhanh Xiaomi HyperCharge 120 W,2 Nano Sim
Xiaomi 11 Lite 5G NE 8/128GB,7.690.000 ₫,"AMOLED, Full HD+ (1080 x 2400 Pixels), 6.55"" - Tần số quét 90 Hz, 800 nits, Kính cường lực Corning Gorilla Glass 5","Chính 64 MP & Phụ 8 MP, 5 MP; 4K 2160p@30fps, FullHD 1080p@30fps, FullHD 1080p@60fps, HD 720p@30fps; Đèn Flash; AI Camera, Chạm lấy nét, Góc rộng (Wide), Góc siêu rộng (Ultrawide), HDR, Làm đẹp, Nhận diện khuôn mặt, Siêu cận (Macro), Toàn cảnh (Panorama) , Trôi nhanh thời gian (Time Lapse), Tự động lấy nét (AF), Xóa phông","20 MP, HDR, Làm đẹp, Nhận diện khuôn mặt, Quay video Full HD, Quay video HD, Tự động lấy nét (AF), Xóa phông;","Snapdragon 778G 5G 8 nhân, 1 nhân 2.4 GHz, 3 nhân 2.2 GHz & 4 nhân 1.9 GHz, Adreno 642L",8GB,128GB,"4250 mAh, Li-Po, Hỗ trợ sạc tối đa 33 W, Sạc pin nhanh",2 Nano SIM (SIM 2 chung khe thẻ nhớ)
Xiaomi Redmi Note 11 4/128GB,4.490.000 ₫,"Amoled Full HD+; 2400x1080; 6.43""; 90hz; 1000 nit; Glass 3","50MP + 8MP + 2MP + 2MP; Full HD -60fps; Đèn Flash; HDR, góc rộng",13MP,Snapdragon 680; 2.4Ghz; Adreno 610,4GB,128GB,5000mah; Li-ion; Super charge 33W,Nano 2 sim
Xiaomi Redmi Note 11 4/64GB,4.190.000 ₫,"IPS LCD full HD+ 2400x1080; 6.43""; 90hz; 1000 nit; Glass 3","50MP + 8MP + 2MP + 2MP; Full HD -60fps; Đèn Flash; HDR, góc rộng",13MP,Snapdragon 680; 2.4Ghz; Adreno 610,4GB,64GB,5000mah; Li-ion; Super charge 33W,Nano 2 sim
Nokia G21,3.940.000 ₫,"6.5” HD+ 20:9 màn hình giọt nước, Tốc độ làm tươi màn hình 90Hz, Độ sáng 400 nits",50MP AF + 2MP Macro + 2MP FF Cảm biến độ sâu trường ảnh,8MP,Unisoc T606 (2xA75 and 6xA55 1.6G),4,128GB,"5050 mah, Pin liền",SIM Nano SIM + Nano SIM hoặc Nano SIM + MicroSD
Samsung Galaxy A22,4.790.000 ₫,"Super AMOLED; 720 x 1600 (HD+); 6.4""; 90 Hz; 600 nits; Gorilla Glass 5",48 + 8 + 2 + 2 MP; Chống rung quang học OIS FHD (1920 x 1080)@30fps; Đèn flash kép; Chống rung quang học OIS; Siêu rộng 123 độ; Macro; Làm đẹp; AI Camera; Tự động lấy nét; Zoom quang học 30x; HDR; Chụp đêm; Chân dung xoá phông; Time Lapse; Slow motion; Chuyên nghiệp,13 MP; Làm đẹp; Xoá phông,MediaTek MT6769V; 4 nhân 2.0 GHz & 4 nhân 1.8 GHz; Mali G52,6 GB,128 GB,5000 mAh; Li-po; Sạc nhanh 15 W,2 nano SIM + 1 thẻ nhớ riêng
Realme C21Y (4-64GB),3.790.000 ₫,"LCD - tần số quét 60Hz; HD+ 1600*720, tỷ lệ hiển thị màn hình 88.7%, độ sáng màn hình lên đến 420 nits; 6.5 inch; Kính cường lực; 16.7 triệu màu","Camera chính: 13MP + f/2.2 ;Camera chân dung đen trắng: 2MP + f/2.4; Camera chụp siêu cận: 2MP + f/2.4; Quay video 720P/30fps; Quay video 1080P/30fps; 120fps @ 720P; Chế độ làm đẹp, bộ lọc, Chế độ HDR, chế độ xem toàn cảnh, Chân dung, Timelapse, Slo-mo, Chụp đêm, Chuyên gia; Đèn Flash","5MP + f/2.4; Có (tất cả ứng dụng thứ 3) Chế độ làm đẹp, chế độ HDR, chế độ toàn cảnh, chế độ chân dung, bộ lọc màu, timelapse, quay phim 1080P/30fps 720P/30fps; Flash màn hình","8 nhân, xung nhịp lên đến 1.8 GHz 64bits; Arm Mali-G52",4GB,64GB,Li-po; 5000mAh,Dual-SIM (Nano SIM)
Xiaomi Redmi Note 11 4/128GB XFF,4.790.000 ₫,"Amoled Full HD+; 2400x1080; 6.43""; 90hz; 1000 nit; Glass 3","50MP + 8MP + 2MP + 2MP; Full HD -60fps; Đèn Flash; HDR, góc rộng",13MP,Snapdragon 680; 2.4Ghz; Adreno 610,4GB,128GB,5000mah; Li-ion; Super charge 33W,Nano 2 sim
Xiaomi Redmi Note 11S,5.990.000 ₫,"OLED; 2400x1080; 6.43""; 90hz; Glass 3","4 camera sau (Chính 108 MP & Phụ 8 MP, 2 MP, 2 MP); Full HD -60fps; Đèn Flash; HDR, góc rộng",16 MP,Mediatek G96; 2.05ghz; Mali G75,8 GB,128 GB,"5000 mAh, sạc nhanh 33W","2 NanoSIM, Hỗ trợ 4G"
OPPO A55,4.490.000 ₫,"6.51 inch, màn hình chấm ""O""; LCD; Kính cường lực NEG T2X-1; 720 x 1600 (HD+); 16 triệu màu",50 MP (chính) + 2 MP (marco) + 2 MP (xóa phông); F/1.8 + F/2.4 + F/2.4; Đèn flash sau,16 MP; F/2.0,"Helio G35, tối đa 2.3GHz; IMG GE8320@680MHz",4GB,64GB,5000mAh (Typ); 18W,Dual nano-SIM + 1 thẻ nhớ
Samsung Galaxy A52 8/128GB,6.790.000 ₫,"Super AMOLED, Full HD+ (1080 x 2400 Pixels), 6.5"", 90 Hz, Kính cường lực","Chính 64 MP & Phụ 12 MP, 5 MP, 5 MP; FullHD 1080p@30fps, HD 720p@240fps, 4K 2160p@30fps, Đèn Flash, Ban đêm (Night Mode), Quay chậm (Slow Motion), Xóa phông, Zoom quang học, Chạm lấy nét, Toàn cảnh (Panorama), Tự động lấy nét (AF), Nhận diện khuôn mặt, Làm đẹp, Siêu cận (Macro), Góc siêu rộng (Ultrawide)","32 MP, Xóa phông, Quay video HD, Nhận diện khuôn mặt, Làm đẹp, Quay video Full HD, Tự động lấy nét (AF)","Snapdragon 720G 8 nhân, 2 nhân 2.3 Ghz & 6 nhân 1.8 Ghz",8GB,128 GB,"4500 mAh, Li-Ion, Sạc pin nhanh, Hỗ trợ sạc tối đa 25 W, Sạc kèm theo máy 15 W",2 Nano SIM
Samsung Galaxy A32 4G,5.690.000 ₫,"Super AMOLED, Full HD+ (1080 x 2400 Pixels), 6.4"", Kính cường lực Corning Gorilla Glass 5","Chính 64 MP & Phụ 8 MP, 5MP, 5MP; F1.8 , F2.2 , F2.4 , F2.4; FullHD 1080p@120fps FullHD 1080p@30fps 4K 2160p@30fps; Đèn Flash, HDR Góc rộng (Wide), Góc siêu rộng (Ultrawide), Siêu cận (Macro), Lấy nét theo pha (PDAF), Xóa phông Toàn cảnh (Panorama)","20 MP; F2.2; Quay video Full HD, HDR",MediaTek Helio G80 8 nhân; 2 nhân 2.0 GHz & 6 nhân 1.8 GHz; Mali-G52 MC2,6 GB,128 GB,5000 mAh; Li-Ion; Sạc pin nhanh,2 Nano SIM (SIM 2 chung khe thẻ nhớ)
Samsung Galaxy S20 FE 256GB,10.990.000 ₫,"Super AMOLED; Full HD+ (1080 x 2400 Pixels); 6.5""; 120 Hz; Mặt kính cong 2.5D","Chính 12 MP & Phụ 12 MP, 8 MP; 4K 2160p@60fps, 4K 2160p@30fps, FullHD 1080p@30fps, FullHD 1080p@60fps; Đèn Flash; AI Camera; Ban đêm (Night Mode); Quay chậm (Slow Motion); Xóa phông; Zoom quang học; Chạm lấy nét; Toàn cảnh (Panorama); Chống rung quang học (OIS); Làm đẹp (Beautify); Tự động lấy nét (AF); Nhận diện khuôn mặt; HDR; Làm đẹp; Zoom kỹ thuật số; Góc rộng (Wide); Góc siêu rộng (Ultrawide)",32 MP; Xóa phông; Flash màn hình; Quay video HD; Nhận diện khuôn mặt; Làm đẹp; Quay video Full HD; Tự động lấy nét (AF),"Snapdragon 865 8 nhân; 1 nhân 2.84 GHz, 3 nhân 2.42 GHz & 4 nhân 1.8 GHz; Adreno 650",8GB,256GB,4500 mAh; Li-Ion; Sạc ngược không dây; Sạc pin nhanh; Sạc không dây; Hỗ trợ sạc tối đa 25 W,2 Nano SIM (SIM 2 chung khe thẻ nhớ)
Samsung Galaxy S21 Ultra 5G 12/128GB,19.990.000 ₫,"Dynamic AMOLED 2X; 2K+ (1440 x 3200 Pixels); 6.8""; Kính cường lực Corning Gorilla Glass Victus","Chính 108 MP & Phụ 12 MP, 10 MP, 10 MP; FullHD 1080p@240fps, FullHD 1080p@60fps, FullHD 1080p@30fps, 4K 2160p@30fps, 4K 2160p@60fps, HD 720p@960fps, 8K 4320p@24fps; Đèn Flash; Góc siêu rộng (Ultrawide), Góc rộng (Wide), Zoom kỹ thuật số, Nhãn dán (AR Stickers), Chống rung điện tử kỹ thuật số (EIS), Lấy nét bằng laser, Quay Siêu chậm (Super Slow Motion), Lấy nét theo pha (PDAF), A.I Camera, Ban đêm (Night Mode), Trôi nhanh thời gian (Time Lapse), Quay chậm (Slow Motion), Xóa phông, Zoom quan","40 MP; Videocall Thông qua ứng dụng thứ 3; A.I Camera, HDR, Góc rộng (Wide), Tự động lấy nét (AF), Quay video Full HD, Làm đẹp, Nhận diện khuôn mặt, Flash màn hình, Nhãn dán (AR Stickers), Xóa phông, Quay phim 4K",Exynos 2100 8 nhân,12GB,128GB,"5000 mAh; Li-Ion; Sạc pin nhanh, Tiết kiệm pin, Siêu tiết kiệm pin, Sạc không dây, Sạc ngược không dây",2 Nano SIM hoặc 1 Nano SIM + 1 eSIM
OPPO A16,3.790.000 ₫,"6.52 inch, màn hình giọt nước; LCD; Kính cường lực Panda; 720 x 1600 (HD+); 16 triệu màu",13 MP (chính) + 2 MP (mono) + 2 MP (marco); F/2.2 + F/2.4 + F/2.4;Đèn flash sau,8 MP; F/2.0,"Helio G35, tối đa 2.3GHz; IMG GE8320@680MHz",3GB,32GB,5000mAh (Typ),Dual nano-SIM hoặc 1 nano-SIM + 1 thẻ nhớ
OPPO A94,7.690.000 ₫,"6.43 inch, màn hình đục lỗ; AMOLED; 1080 x 2400 (FHD+); 16 triệu màu","48 MP + 8 MP + 2 MP + 2 MP, 4 camera F/1.7 + F/2.2 + F/2.4 + F/2.4; Đèn flash sau",32 MP; F/2.4,"Helio P95, tối đa 2.2GHz; IMG 9XM-HP8 970MHz",8 GB,128 GB,4310mAh (Typ) Sạc nhanh VOOC 4.0 - 30W,Dual nano-SIM + 1 thẻ nhớ
OPPO A16K,3.290.000 ₫,"6.52 inch, màn hình giọt nước; LCD; Corning Gorilla Glass 3; 720 x 1600 (HD+); 16 triệu màu",13 MP; F/2.2; Đèn flash sau;,5 MP; F/2.4,"Helio G35 8 nhân, tối đa 2.3GHz; IMG GE8320",3GB,32GB,4230mAh (Typ),Dual nano-SIM + 1 khe thẻ nhớ
Masstel Fami 12 4G,649.000 ₫,1.77′'; QQVGA; 262K; 128*160,0.08MP,,T107,48MB,256MB,1400mAh,2 nano SIM
Itel 9210 4G,680.000 ₫,"LCD 2.4""",0.3 MP,,,64 MB,128 MB,1900 mAh,2 Micro SIM
Samsung Galaxy S21 FE 5G 8/128GB,12.990.000 ₫,"Infinity O; Dynamic AMOLED 2X; Full HD+ (2340 x 1080 Pixels) (FHD+) ; 6.4"" - Tần số quét 120 Hz; 1200 nits; Kính cường lực Corning Gorilla Glass Victus","Chính 12 MP & Phụ 12 MP, 8 MP; Đèn Flash; UHD 8K (7680 x 4320)@24fps; - Siêu rộng 123 độ - Quay Video kép - Chế độ chân dung chuẩn studio - Chụp đêm với công nghệ AI - Thu phóng chuẩn không gian 30X",32 MP; Chỉnh sửa ảnh thông minh,"Exynos 2100; 1 nhân 2.9 GHz, 3 nhân 2.8 GHz & 4 nhân 2.2 GHz; Mali-G78 MP14",8 GB,128 GB,4500 mAh; Hỗ trợ sạc tối đa 25 W; Siêu tiết kiệm pin; Sạc không dây; Sạc ngược không dây; Sạc pin nhanh; Tiết kiệm pin,2 Nano SIM
Nokia 215 4G,900.000 ₫,2.4” QVGA,,,Unisoc UMS9117,64MB,128MB,"1150mAh, có thể tháo rời","Nano SIM + Nano SIM, LTE + LTE"
Xiaomi Redmi 9C 3/64GB,2.990.000 ₫,"IPS LCD, HD+ (720 x 1600 Pixels), 6.53"", Kính cường lực Corning Gorilla Glass 3","Chính 13 MP & Phụ 2 MP, 2 MP, Quay phim HD 720p@30fps, Quay phim FullHD 1080p@30fps, A.I Camera, Siêu cận (Macro), Xoá phông, Làm đẹp, Tự động lấy nét (AF), Chạm lấy nét, Nhận diện khuôn mặt, HDR, Chuyên nghiệp (Pro)","5 MP, Videocall: Có, Tự động lấy nét (AF), Quay video Full HD, Xoá phông, Flash màn hình, Quay video HD, Nhận diện khuôn mặt, Làm đẹp (Beautify)","MediaTek Helio G35 8 nhân, 4 nhân 2.3 GHz & 4 nhân 1.8 GHz, PowerVR GE8320",3GB,64GB,"Pin chuẩn Li-Ion,5000 mAh",SIM 2 Nano SIM
Samsung Galaxy A52s 5G,7.690.000 ₫,Super AMOLED; 6.5” FHD+ (1080x2400); Infinity-O Display 120Hz; GG5,64MP (F1.8) OIS; 12 MP FF (F2.2); 5 MP FF (F2.4); 5 MP FF (F2.4); Quay phim UHD 4K (3840 x 2160) | @30fps; Đèn Flash; Chạm lấy nét; Làm đẹp; Nhận diện khuôn mặt; Siêu cận (Macro); Tự động lấy nét (AF); Xóa phông; Zoom kỹ thuật số; Chụp một chạm; Chụp đêm,32MP FF (f2.2); Làm đẹp; Nhận diện khuôn mặt; Tự động lấy nét (AF); Xoá phông,Qualcomm SDM778G (6 nm); Octa Core 2.4GHz; 2 nhân 2.4 GHz & 6 nhân 1.8 GHz; Adreno 642L,8GB,128 GB,"4,500 mAh; Li-po; Tiết kiệm pin; Hỗ trợ sạc nhanh tối đa 25W",2 nano SIM
Samsung Galaxy S21 FE 5G 8/256GB,13.990.000 ₫,"Infinity O; Dynamic AMOLED 2X; Full HD+ (2340 x 1080 Pixels) (FHD+) ; 6.4"" - Tần số quét 120 Hz; 1200 nits; Kính cường lực Corning Gorilla Glass Victus","Chính 12 MP & Phụ 12 MP, 8 MP; Đèn Flash; UHD 8K (7680 x 4320)@24fps; - Siêu rộng 123 độ - Quay Video kép - Chế độ chân dung chuẩn studio - Chụp đêm với công nghệ AI - Thu phóng chuẩn không gian 30X",32 MP; Chỉnh sửa ảnh thông minh,"Exynos 2100; 1 nhân 2.9 GHz, 3 nhân 2.8 GHz & 4 nhân 2.2 GHz; Mali-G78 MP14",8 GB,256 GB,4500 mAh; Hỗ trợ sạc tối đa 25 W; Siêu tiết kiệm pin; Sạc không dây; Sạc ngược không dây; Sạc pin nhanh; Tiết kiệm pin,2 Nano SIM
Masstel Izi 10 4G,499.000 ₫,QQVGA; 262K; 128*160; 1.77″,,,UMS9117,48MB,128MB,1000mAh; Li-ion; Pin có thể tháo rời; Thời gian chờ: 5 ngày; Thời gian đàm thoại: 3-4 giờ; Thời gian sạc đầy: 2.5 giờ;,2 nano SIM
Masstel Izi 55 4G,699.000 ₫,"QVGA; 2.4""; 320 x 240 Pixel; 262.000 màu; Mặt kính 2.5D",,,UIS8910,16 MB,24 MB,1800 mAh; Lithium-ion; Pin có thể tháo rời,02 Nano SIM
Masstel Fami 60 4G,749.000 ₫,QVGA; 260K; 220 * 176; 2.0″,,,UIS8910,16MB,24MB,2000mAh; Li-ion; Pin có thể tháo rời; Thời gian chờ: 17 ngày; Thời gian đàm thoại: 6-8 giờ; Thời gian sạc đầy: 3-4 giờ;,2 nano SIM
Xiaomi Redmi 9C 4/128GB,3.190.000 ₫,"IPS LCD, HD+ (720 x 1600 Pixels), 6.53"", Kính cường lực Corning Gorilla Glass 3","Chính 13 MP & Phụ 2 MP, 2 MP, Quay phim HD 720p@30fps, Quay phim FullHD 1080p@30fps, A.I Camera, Siêu cận (Macro), Xoá phông, Làm đẹp, Tự động lấy nét (AF), Chạm lấy nét, Nhận diện khuôn mặt, HDR, Chuyên nghiệp (Pro)","5 MP, Videocall: Có, Tự động lấy nét (AF), Quay video Full HD, Xoá phông, Flash màn hình, Quay video HD, Nhận diện khuôn mặt, Làm đẹp (Beautify)","MediaTek Helio G35 8 nhân, 4 nhân 2.3 GHz & 4 nhân 1.8 GHz, PowerVR GE8320",4GB,128GB,"Pin chuẩn Li-Ion,5000 mAh",SIM 2 Nano SIM
Xiaomi Redmi 9A 2/32GB,2.390.000 ₫,"IPS LCD, 16 triệu màu, HD +, 1600 x 720 Pixels, 6.53 inchs, Corning Gorilla Glass 3","13.0 MP, f2.2, HD 720p@60fps, FullHD 1080p@30fps, Chụp ảnh nâng cao: A.I camera, Tự động lấy nét, Xoá phông chân dung","5 MP, A.I camera, Làm đẹp, Xoá phông","8 nhân A53 tốc độ lên tới 2.0Ghz, MediaTek Helio G25",2 GB,32 GB,"Li-Ion, 5000 mAh","Nano SIM, 2 khe sim + 1 khe thẻ nhớ"
Xiaomi Redmi Note 10 Pro 8/128GB,6.490.000 ₫,"6.67"" Màn hình đục lỗ AMOLED; Corning Gorilla® Glass® 5",108MP + 8MP (118°) + 5MP (Siêu cận cảnh) + 2MP (Chiều sâu),16MP,"Vi xử lý Qualcomm® Snapdragon™ 732G, tiến trình 8nm",8GB,128GB,"Dung lượng pin 5020mAh (typ), sạc nhanh 33W","Hai SIM, dual 4G."
Vivo Y21,3.790.000 ₫,6.51 inch; 1600*720 (HD+); LCD; Cảm ứng điện dung đa điểm,"13MP + 2MP; f/2.2 (13MP) + f/2.4 (2MP); Đèn Flash camera sau; Chụp Ảnh, Chân Dung (cơ bản), Quay Video, Chụp Toàn Cảnh, Live Photo, Quay Chuyển Động Chậm, Quay Tua Nhanh Thời Gian, Chuyên Nghiệp, DOC","8MP; f/2.0 (8MP); Chụp Ảnh, Chân Dung (cơ bản), Quay Video, Chụp Toàn Cảnh, Live Photo, Quay Chuyển Động Chậm, Quay Tua Nhanh Thời Gian, Chuyên Nghiệp, DOC",Mediatek Helio P35,4GB,64GB,5000mAh (TYP); Sạc Siêu Tốc 18W; Polymer cao cấp,2 nano SIMs
Xiaomi Redmi Note 10S 8/128GB,5.690.000 ₫,"6.43” AMOLED DotDisplay; FHD+ AMOLED,; Gam màu: DCI-P3; Độ sáng: 450 nits (typ), HBM 700 nits (typ), 1100 nits độ sáng cao nhất (typ); Độ phân giải: 2400 x 1080; Màn hình chứng nhận Ánh sáng xanh thấp bởi SGS; Corning Gorilla Glass 3 mặt trước","64MP Camera chính góc rộng; 1/1.97” kích thước cảm biến, 0.7μm; ƒ/1.79, 6 lớp thấu kính; 8MP camera góc siêu rộng; 118° FOV; ƒ/2.2; 2MP macro camera, ƒ/2.4; 2MP đo chiều sâu, ƒ/2.4","13MP Camera Selfie, ƒ/2.45","MediaTek Helio G95 ; 8 nhân CPU, xung nhịp tới 2.05GHz; Đồ họa Arm Mail-G76 MC4 GPU; LPDDR4X RAM; UFS 2.2 bộ nhớ tốc độ cao",8GB,128GB,"Dung lượng pin lớn 5,000mAh (typ); 33W sac nhanh; 33W Củ sạc tặng kèm",Dual SIM
Xiaomi Redmi 10 4/64GB,3.490.000 ₫,"IPS LCD; Full HD+ (1080 x 2400 Pixels); 6.5"" - Tần số quét 90 Hz; Kính cường lực Corning Gorilla Glass 3","Chính 50 MP & Phụ 8 MP, 2 MP, 2 MP; Đèn Flash",8 MP,MediaTek Helio G88 8 nhân; Mali-G52 MC2,4GB,64GB,5000 mAh; Hỗ trợ sạc tối đa 18 W; Sạc pin nhanh,2 Nano SIM
Realme C11 2021 (2GB - 32GB),2.590.000 ₫,"LCD - tần số quét 60Hz; HD+ 1600*720, tỷ lệ hiển thị màn hình 89.5%, 16.7 triệu màu; 6.5 inch; 60Hz; 400 nitts; Kinh cường lực","Camera chính: 8MP + f/2.0; 480p @30fps,720p @ 30fps, 1080p @ 30fps; Đèn Flash; Chế độ chụp đêm, Chế độ xem toàn cảnh, Chế độ chuyên gia, Timelapse, Chế độ chân dung, Chế độ HDR, Chế độ siêu macro, AI Beauty, Bộ lọc, Bộ lọc màu","5MP + f/2.2; Chế độ chân dung, Timelapse, Chế độ xem toàn cảnh, Chế độ làm đẹp, Chế độ HDR, Nhận dạng khuôn mặt, Bộ lọc","SC9863A; 8 nhân, xung nhịp lên đến 1.6GHz; IMG 8322",2GB,32GB,5000mAh; Li-po; Sạc thường 10W,"Dual-SIM (Nano SIM), 2 sim và thêm 1 khe thẻ nhớ"
Realme C11 2021 (4GB - 64GB),3.490.000 ₫,"LCD - tần số quét 60Hz; HD+ 1600*720, tỷ lệ hiển thị màn hình 89.5%, 16.7 triệu màu; 6.5 inch; 60Hz; 400 nitts; Kinh cường lực","Camera chính: 8MP + f/2.0; 480p @30fps,720p @ 30fps, 1080p @ 30fps; Đèn Flash; Chế độ chụp đêm, Chế độ xem toàn cảnh, Chế độ chuyên gia, Timelapse, Chế độ chân dung, Chế độ HDR, Chế độ siêu macro, AI Beauty, Bộ lọc, Bộ lọc màu","5MP + f/2.2; Chế độ chân dung, Timelapse, Chế độ xem toàn cảnh, Chế độ làm đẹp, Chế độ HDR, Nhận dạng khuôn mặt, Bộ lọc","SC9863A; 8 nhân, xung nhịp lên đến 1.6GHz; IMG 8322",4GB,64GB,5000mAh; Li-po; Sạc thường 10W,"Dual-SIM (Nano SIM), 2 sim và thêm 1 khe thẻ nhớ"
Realme 8 5G,7.490.000 ₫,"Màn hình LCD 6.5""; Độ phân giải: 1080x2400 FHD+; Tỷ lệ hiển thị màn hình: 90.5%; Độ sáng màn hình tối đa: 600 nits; 6.5""; TM 2.5D; 16.7 triệu màu","Camera chính: 48MP + f/1.8; Camera chân dung đen trắng: 2MP + f/2.4; Camera chụp siêu cận 4cm : 2MP + f/2.4; Hỗ trợ quay video chống rung UIS; Hỗ trợ quay video siêu chống rung UIS Max; Hỗ trợ quay video 1080P/30fps; Hỗ trợ quay video 720P/30fps; Hỗ trợ quay video 720P/120fps; 120fps @ 720fps; Siêu chụp đêm, Góc nhìn toàn cảnh, Chuyên gia, Tua nhanh thời gian, Chân dung, HDR, Góc siêu cận, Nhận diện cảnh AI, Làm đẹp AI, Bộ lọc màu; Đèn Flash","16MP + f/2.1; Videocall Hỗ trợ gọi điện thoại video (FaceTime hay ứng dụng thứ 3: Zalo, Messenger,...); Chân dung, Góc nhìn toàn cảnh, Làm đẹp AI, HDR, Nhận diện gương mặt, Siêu chụp đêm; Flash màn hình","MTK Dimensity 700 5G; CPU lõi tám nhân, xung nhịp lên đến 2.2GHz; ARM Mali-G57",8GB LPDDR4X,128GB UFS 2.1,Li-po; 5000mAh; Sạc nhanh 18W,Dual-SIM (Nano SIM); 2 sim và thêm 1 khe thẻ nhớ
Itel A48,2.090.000 ₫,"6.1"" HD+ 2.5D TP Lens, Kính thường","5MP + VGA AF, Quay phim, Đèn Flash","5MP FF,",,2GB,32GB,"3000mAh, Li-po, Hỗ trợ sạc tối đa 5V 1A, Pin rời",Sim thường
Nokia 105 SS (2019),480.000 ₫,"1.77 inches, 160x120 Pixels",,,,4MB,4MB,800mAh,Mini SIM
Itel Vision 1 Pro (3GB/32GB),2.390.000 ₫,"IPS LCD; HD+ (720 x 1600 Pixels); 6.5""; Mặt kính cong 2.5D","Chính 8 MP & Phụ VGA, VGA; Quay phim: HD 720p@24fps; Đèn Flash; Chạm lấy nét; Tự động lấy nét (AF)",5 MP,Spreadtrum SC9832E 4 nhân; Tốc độ CPU: 1.4 GHz; Mali-T820 MP1,3GB,32GB,4000 mAh; Li-Ion; Hỗ trợ sạc tối đa: 5 W,2 Nano SIM
Masstel Izi 20 4G,549.000 ₫,QQVGA; 262K; 128*160; 1.77″,0.08 MP,,UMS9117,48MB,128MB,1700mAh; Li-ion; Pin có thể tháo rời; Thời gian chờ: 15 ngày; Thời gian đàm thoại: 6-8 giờ; Thời gian sạc đầy: 4 giờ,2 nano SIM
Nokia G10,3.190.000 ₫,6.5” HD+ | Thiết kế giọt nước | 20:9,13MP +2 MP Macro + 2 MP Depth | Đèn Flash; Chế độ chụp đêm | Chế độ chụp chân dung,8MP; Chế độ chụp đêm | Chế độ chụp chân dung,Mediatek G25 8x A53 2.0GHz,4GB,64GB,5050 mAh | Pin liền,Nano SIM + Nano SIM + Micro SD
Masstel Izi 12 4G,499.000 ₫,QQVGA,,,,48MB,128MB,1000mAh,Có
Nokia C21 Plus 3GB-32GB,2.690.000 ₫,6.5”(6.517“) HD+ màn hình giọt nước | Tỉ lệ 20:9,"13 MP AF + 2 MP độ sâu trường ảnh với đèn Flash, HDR | Chế độ làm đẹp | Chế độ chụp toàn cảnh Panorama",5MP với đèn Flash,SC9863A Octa-core với xung nhịp lên đến 1.6Ghz,3GB,32GB,5050 mAh4 | Pin liền; Sạc 5V/2A,Nano SIM + Nano SIM + Micro SD
Realme C35 (4/64GB),4.290.000 ₫,"Màn hình LCD 6.58"", 60Hz; 1080x2408 FHD+ ; Tỷ lệ hiển thị màn hình: 90.70%; 16.7 triệu màu; 6.58""; 60Hz; Độ sáng màn hình tối đa: 480 nits; Panda the final two1681，2.5D","Camera chính: 50MP + f/1.8; Camera chụp siêu cận: 2MP + f/2.4; Camera chụp chân dung B&W : 0.3MP + f/2.8; Hỗ trợ quay video 1080P/30fps; Hỗ trợ quay video 720P/30fps; Hỗ trợ quay video 480p @30fps; Đèn Flash; Chế độ 50MP, Siêu chụp đêm, Góc nhìn toàn cảnh, Chuyên gia, Tua nhanh thời gian, Chân dung, HDR, Góc siêu cận, Nhận diện cảnh AI, Làm đẹp AI, Bộ lọc màu, Lọc văn bản","8MP + f/2.0; Chân dung, Làm đẹp AI, HDR, Nhận diện gương mặt, chụp ảnh bằng chạm vân tay","Unisoc T616 Octa-Core; CPU lõi tám nhân, xung nhịp lên đến 2.0GHz, tiến trình12nm; G57",4GB,64GB,5000mAh; Li-po; Sạc nhanh QC 2.0 18W,Dual-SIM (Nano SIM) 2 sim và thêm 1 khe thẻ nhớ
OPPO Reno7 5G,12.490.000 ₫,"6.43 inch, màn hình đục lỗ; AMOLED; 90Hz, Gorilla Glass 5; 1080 x 2400 (FHD+); 16 triệu màu","64MP (Chính) + 8MP (Góc rộng) + 2MP (Marco), F/1.7 + F/2.25 + F/2.4, Đèn flash sau",32MP; F/2.4,"Dimensity 900 5G, tối đa 2.4GHz; Mali-G78 MC4",8GB,256GB,4500mAh (Typ) Siêu sạc nhanh superVOOC 2.0 65W,Dual nano-SIM + 1 khe thẻ nhớ
iPhone 13 Pro 1TB,39.490.000 ₫,"OLED; 1170 x 2532 Pixels; 6.1""; Tần số quét 120 Hz; Độ sáng tối đa 1200 nits; Kính cường lực Ceramic Shield","3 camera 12 MP; Quay phim 4K 2160p@24fps, 4K 2160p@30fps, 4K 2160p@60fps, FullHD 1080p@240fps, FullHD 1080p@120fps, FullHD 1080p@30fp,s FullHD 1080p@60fps, HD 720p@30fps; Ban đêm (Night Mode), Trôi nhanh thời gian (Time Lapse), Quay chậm (Slow Motion), Xóa phông, Zoom quang học, Chạm lấy nét, Toàn cảnh (Panorama), Chống rung quang học (OIS), Tự động lấy nét (AF), Nhận diện khuôn mặt, HDR, Ảnh Raw, Dolby Vision HDR, Zoom kỹ thuật số, Góc rộng (Wide), Siêu cận (Macro), Góc siêu rộng (Ultrawide);","12 MP; Xóa phông, Quay video 4K, Quay video HD, Nhận diện khuôn mặt, Quay video Full HD, Tự động lấy nét (AF), HDR",Apple A15 Bionic 6 nhân; Tốc độ CPU: 3.22 GHz; Apple GPU 5 nhân,6 GB,1 TB,"3095 mAh; Li-Ion; Hỗ trợ sạc tối đa 20 W; Sạc pin nhanh, Tiết kiệm pin, Sạc không dây, Sạc ngược không dây",1 Nano SIM & 1 eSIM
iPhone 13 Pro 512GB,33.990.000 ₫,"OLED; 1170 x 2532 Pixels; 6.1""; Tần số quét 120 Hz; Độ sáng tối đa 1200 nits; Kính cường lực Ceramic Shield","3 camera 12 MP; Quay phim 4K 2160p@24fps, 4K 2160p@30fps, 4K 2160p@60fps, FullHD 1080p@240fps, FullHD 1080p@120fps, FullHD 1080p@30fp,s FullHD 1080p@60fps, HD 720p@30fps; Ban đêm (Night Mode), Trôi nhanh thời gian (Time Lapse), Quay chậm (Slow Motion), Xóa phông, Zoom quang học, Chạm lấy nét, Toàn cảnh (Panorama), Chống rung quang học (OIS), Tự động lấy nét (AF), Nhận diện khuôn mặt, HDR, Ảnh Raw, Dolby Vision HDR, Zoom kỹ thuật số, Góc rộng (Wide), Siêu cận (Macro), Góc siêu rộng (Ultrawide);","12 MP; Xóa phông, Quay video 4K, Quay video HD, Nhận diện khuôn mặt, Quay video Full HD, Tự động lấy nét (AF), HDR",Apple A15 Bionic 6 nhân; Tốc độ CPU: 3.22 GHz; Apple GPU 5 nhân,6 GB,512 GB,"3095 mAh; Li-Ion; Hỗ trợ sạc tối đa 20 W; Sạc pin nhanh, Tiết kiệm pin, Sạc không dây, Sạc ngược không dây",1 Nano SIM & 1 eSIM
iPhone 13 mini 256GB,21.490.000 ₫,"OLED; Full HD+ (1080 x 2340 Pixels); 5.4""; Tần số quét 60 Hz; Độ sáng tối đa 1200 nits; Kính cường lực Ceramic Shield",2 camera 12 MP; Quay phim 4K 2160p@24fps; 4K 2160p@30fps; 4K 2160p@60fps; FullHD 1080p@240fps; FullHD 1080p@120fps; FullHD 1080p@30fps; FullHD 1080p@60fps; HD 720p@30fps; Đèn Flash; Ban đêm (Night Mode); Trôi nhanh thời gian (Time Lapse); Quay chậm (Slow Motion); Xóa phông; Zoom quang học; Chạm lấy nét; Toàn cảnh (Panorama); Chống rung quang học (OIS); Tự động lấy nét (AF); Nhận diện khuôn mặt; HDR; Dolby Vision HDR; Zoom kỹ thuật số Góc rộng (Wide); Góc siêu rộng (Ultrawide),12 MP; Xóa phông; Quay video 4K; Quay video HD; Nhận diện khuôn mặt; Quay video Full HD; Tự động lấy nét (AF); HDR,Apple A15 Bionic 6 nhân; Tốc độ CPU: 3.22 GHz; Apple GPU 4 nhân,4GB,256GB,2438 mAh; Li-Ion; Hỗ trợ sạc tối đa 20 W; Sạc không dây; Sạc không dây MagSafe; Tiết kiệm pin; Sạc pin nhanh,1 Nano SIM & 1 eSIM
iPhone 13 256GB,24.490.000 ₫,"OLED; 1170 x 2532 Pixels; 6.1""; Tần số quét 60 Hz; Độ sáng tối đa 1200 nits; Kính cường lực Ceramic Shield","2 camera 12 MP; Quay phim 4K 2160p@24fps, 4K 2160p@30fps, 4K 2160p@60fps, FullHD 1080p@240fps, FullHD 1080p@120fps, FullHD 1080p@30fps, FullHD 1080p@60fps, HD 720p@30fps; Đèn Flash; Ban đêm (Night Mode), Trôi nhanh thời gian (Time Lapse), Quay chậm (Slow Motion), Xóa phông, Zoom quang học, Chạm lấy nét, Toàn cảnh (Panorama), Chống rung quang học (OIS), Tự động lấy nét (AF), Nhận diện khuôn mặt, HDR, Dolby Vision HDR, Zoom kỹ thuật số Góc rộng (Wide), Góc siêu rộng (Ultrawide)","12 MP; Xóa phông, Quay video 4K, Quay video HD, Nhận diện khuôn mặt, Quay video Full HD, Tự động lấy nét (AF), HDR",Apple A15 Bionic 6 nhân; Tốc độ CPU: 3.22 GHz; Apple GPU 4 nhân,4GB,256GB,"3240 mAh; Li-Ion; Hỗ trợ sạc tối đa 20 W; Sạc pin nhanh, Tiết kiệm pin, Sạc không dây, Sạc ngược không dây",1 Nano SIM & 1 eSIM
iPhone SE (2022) 128GB,13.490.000 ₫,"IPS LCD; HD; (750 x 1334 Pixels); 4.7""",12 MP- Quay phim: 4K 2160p@24fps 4K 2160p@30fps 4K 2160p@60fps FullHD 1080p@24fps FullHD 1080p@30fps FullHD 1080p@60fps HD 720p@30fps,7 MP,"Apple A15 Bionic, 6 nhân",3 GB,128 GB,"2018 mAh, 20 W, Li-Ion",1 Nano SIM & 1 eSIM
iPhone SE (2022) 64GB,12.490.000 ₫,"IPS LCD; HD; (750 x 1334 Pixels); 4.7""",12 MP- Quay phim: 4K 2160p@24fps 4K 2160p@30fps 4K 2160p@60fps FullHD 1080p@24fps FullHD 1080p@30fps FullHD 1080p@60fps HD 720p@30fps,7 MP,"Apple A15 Bionic, 6 nhân",3 GB,64 GB,"2018 mAh, 20 W, Li-Ion",1 Nano SIM & 1 eSIM
iPhone 12 128GB,19.190.000 ₫,"OLED; Super Retina XDR display; 1170 x 2532 Pixels; 6.1""","2 camera 12 MP; FullHD 1080p@30fps, 4K 2160p@24fps, 4K 2160p@30fps, 4K 2160p@60fps, FullHD 1080p@120fps, HD 720p@30fps, FullHD 1080p@240fps, FullHD 1080p@60fps; Đèn LED kép; Ban đêm (Night Mode), Trôi nhanh thời gian (Time Lapse), Quay chậm (Slow Motion), Xoá phông, Zoom quang học, Toàn cảnh (Panorama), Tự động lấy nét (AF), Nhận diện khuôn mặt, HDR, Zoom kỹ thuật số, Góc rộng (Wide), Góc siêu rộng (Ultrawide)","12 MP; Xoá phông, Quay phim 4K, Nhãn dán (AR Stickers), Retina Flash, Quay video HD, Nhận diện khuôn mặt, Quay video Full HD, Tự động lấy nét (AF), HDR, Quay chậm (Slow Motion)",Apple A14 Bionic 6 nhân,4GB,128GB,"2815 mAh, Li-Ion; Sạc không dây MagSafe, Tiết kiệm pin, Sạc không dây, Sạc pin nhanh",1 Nano SIM & 1 eSIM
Vivo V23e,6.990.000 ₫,6.44 inch; 2400×1080 (FHD+); AMOLED; Cảm ứng điện dung đa diểm,"64MP AF + 8MP (Góc siêu rộng) + 2MP (Siêu cận); Camera chính f/1.79, Góc siêu rộng f/2.2, Siêu cận f/2.4""; Đèn Flash camera sau; Lấy Nét Theo Mắt, Chế Độ Siêu Chụp Đêm, Chế Độ Chụp Đêm Góc Siêu Rộng, Siêu Cận, Chân Dung Xóa Phông, Chân Dung Phong Cách, Chân Dung Bokeh Flare, 64MP, Live Photo, AR Sticker, Quay Chuyển Động Chậm, Quay Tua Nhanh Thời Gian, Video Hiển Thị Kép 3.0, Phơi Sáng Kép 2.0, DOC, Chụp Toàn Cảnh, Chuyên Nghiệp","50MP AF; Camera selfie f/2.0; Lấy Nét Tự Động AF, Chế Độ Selfie Siêu Chụp Đêm AI, Video Selfie Ổn Định Khuôn Mặt, Chân Dung Đa Phong Cách, Phơi Sáng Kép 2.0, Video Làm Đẹp, Video Hiển Thị Kép 3.0, Quay Chuyển Động Chậm, 50MP, Live Photo, AR Sticker",MediaTek Helio G96,8GB,128GB,4050mAh (TYP); Sạc Siêu Tốc 44W (11V/4A),1 Nano SIM + 1 Nano SIM / 2 SIM 2 sóng chờ (DSDS)
Nokia C30,2.950.000 ₫,Màn hình giọt nước 6.82” chuẩn HD+,Camera sau : 13MP AF + 2MP FF Cảm biến độ sâu HDR | Chế độ làm đẹp,Camera trước: 5MP FF,"""SC9863A 8 nhân | 1.6GHz """,3GB,32GB,"6000 mAh | Pin liền, nắp lưng có thể tháo rời",2 sim Nano + MicroSD
Realme 9i,6.190.000 ₫,"Màn hình LCD 6.6"", 90Hz. Độ phân giải: 1080x2412 FHD+ Tỷ lệ hiển thị màn hình: 90.8% Độ sáng màn hình tối đa: 480 nits; 6.6; MN228/DTpro，2.5D; 16.7 triệu màu","Camera chính: 50MP + f/1.8; Camera chân dung: 2MP + f/2.4; Camera chụp siêu cận 4cm : 2MP + f/2.4; Hỗ trợ quay video 1080P/30fps; Hỗ trợ quay video 720P/30fps; Hỗ trợ quay video 720P/120fps; Quay film Slow Motion 120fps @ 720fps; Siêu chụp đêm, Góc nhìn toàn cảnh, Chuyên gia, Tua nhanh thời gian, Chân dung, HDR, Góc siêu cận, Nhận diện cảnh AI, Làm đẹp AI, Bộ lọc màu, Lọc văn bản. Đèn Flash","16MP + f/2.1; Videocall (tất cả ứng dụng thứ 3); Chân dung, Góc nhìn toàn cảnh, Làm đẹp AI, HDR, Nhận diện gương mặt, Siêu chụp đêm, Tua nhanh thời gian; Flash màn hình","Qualcomm Snapdragon 680 Octa-Core; CPU lõi tám nhân, xung nhịp lên đến 2.4GHz, tiến trình 6nm; Adreno 610",6GB LPDDR4X,128GB UFS 2.2,Li-po; 5000mAh; Sạc nhanh 33W,Dual-SIM (Nano SIM)
Xiaomi 12 5G,19.990.000 ₫,"120Hz 6.28” AMOLED DotDisplay , FHHD+, 2400 x 1080, DisplayMate A+, Tỉ lệ hiển thị: 20:9, Dolby Vision® , hỗ trợ HDR 10+","Camera chính 50MP, camera góc siêu rộng 13MP, camera tele 5MP","Camera selfie trong màn hình 32MP, 1.4μm 4-in-1 Siêu điểm ảnh, f/2.45, quay phim HDR10+, Chân dung AI, Selfie đêm",Snapdragon® 8 Gen 1 trên tiến trình 4nm,8GB,256GB,4500mAh,Hai SIM 5G
Realme C21Y (3-32G),3.190.000 ₫,"LCD - tần số quét 60Hz; HD+ 1600*720, tỷ lệ hiển thị màn hình 88.7%, độ sáng màn hình lên đến 420 nits; 6.5 inch; Kính cường lực; 16.7 triệu màu","Camera chính: 13MP + f/2.2 ;Camera chân dung đen trắng: 2MP + f/2.4; Camera chụp siêu cận: 2MP + f/2.4; Quay video 720P/30fps; Quay video 1080P/30fps; 120fps @ 720P; Chế độ làm đẹp, bộ lọc, Chế độ HDR, chế độ xem toàn cảnh, Chân dung, Timelapse, Slo-mo, Chụp đêm, Chuyên gia; Đèn Flash","5MP + f/2.4; Có (tất cả ứng dụng thứ 3) Chế độ làm đẹp, chế độ HDR, chế độ toàn cảnh, chế độ chân dung, bộ lọc màu, timelapse, quay phim 1080P/30fps 720P/30fps; Flash màn hình","8 nhân, xung nhịp lên đến 1.8 GHz 64bits; Arm Mali-G52",3Gb,32GB,Li-po; 5000mAh,Dual-SIM (Nano SIM)
Xiaomi 12 Pro,21.990.000 ₫,"120Hz 6.73” AMOLED DotDisplay, WQHD+, 3200 x 1440, Tỉ lệ hiển thị: 20:9, Dolby Vision® , hỗ trợ HDR 10+, DisplayMate A+","Camera chính góc rộng 50MP, camera góc siêu rộng 50MP, camera tele 50MP","Camera Selfie trong màn hình 32MP, 1.4μm 4-in-1 Siêu điểm ảnh, f/2.45",Snapdragon® 8 Gen 1 trên tiến trình 4nm,12GB,256GB,"4,600mAh",Hai SIM 5G
Vivo V23 5G,12.490.000 ₫,6.44 inch; 2400×1080 (FHD+); AMOLED; Cảm ứng điện dung đa điểm,"64MP AF + 8MP (Góc Siêu Rộng) + 2MP (Siêu Cận); Camera Chính f/1.89, Camera Góc Siêu Rộng f/2.2, Camera Siêu Cận f/2.4; Đèn Flash camera sau + Selfie Hiệu Ứng Ánh Trăng Kép; Lấy Nét Tự Động Theo Mắt, Chế Độ Siêu Chụp Đêm, Chế Độ Chụp Đêm Góc Siêu Rộng, Siêu Cận, Chân Dung Xoá Phông, Chân Dung Phong Cách, Chân Dung Bokeh Flare, Độ Phân Giải Cao (64MP), Live Photo, AR Stickers, Quay Chuyển Động Chậm, Quay Tua Nhanh Thời Gian, Video Hiển Thị Kép, Chế Độ Phơi Sáng Kép, DOC, Chụp Toàn Cảnh, Chuy","50MP AF + 8MP (Góc Siêu Rộng); Camera Selfie f/2.0, Camera Selfie Góc Siêu Rộng f/2.28",MediaTek Dimensity 920,8GB,128GB,4200mAh (TYP); Sạc Siêu Tốc 44W (11V/4A);,2 SIM 2 sóng chờ (DSDS)
Samsung Galaxy S21 FE 5G 6/128GB,15.990.000 ₫,"Infinity O; Dynamic AMOLED 2X; Full HD+ (2340 x 1080 Pixels) (FHD+) ; 6.4"" - Tần số quét 120 Hz; 1200 nits; Kính cường lực Corning Gorilla Glass Victus","Chính 12 MP & Phụ 12 MP, 8 MP; Đèn Flash; UHD 8K (7680 x 4320)@24fps; - Siêu rộng 123 độ - Quay Video kép - Chế độ chân dung chuẩn studio - Chụp đêm với công nghệ AI - Thu phóng chuẩn không gian 30X",32 MP; Chỉnh sửa ảnh thông minh,,6 GB,128 GB,4500 mAh; Hỗ trợ sạc tối đa 25 W; Siêu tiết kiệm pin; Sạc không dây; Sạc ngược không dây; Sạc pin nhanh; Tiết kiệm pin,2 Nano SIM
Realme 8,6.790.000 ₫,"Màn hình Super AMOLED 6.4""; Độ phân giải: 1080x2400 FHD+, Tỷ lệ hiển thị màn hình: 90.8%, Độ sáng màn hình tối đa: 1000 nits; 6.4 inch; Hai lớp kính: AGC DT Pro, 2.5D SCHOTT X-up，2.5D; 16.7 triệu màu","Camera chính: 64MP + f/1.79, Camera góc siêu rộng 8MP + f/2.25, Camera chân dung đen trắng: 2MP + f/2.4, Camera chụp siêu cận: 2MP + f/2.4, Quay video chia đôi màn hình, chống rung UIS, siêu chống rung UIS Max, 4K/30fps, 1080P/60fps, 1080P/30fps, 720P/60fps, 720P/30fps, chuyển động chậm 1080p/120fps, chuyển động chậm 720p/240fps, Quay Thiên văn sẽ được cập nhật sau khi nâng cấp OTA; Quay phim Slow-Motion / Super-Slow-Motion 120fps @ 1080fps; Chế độ Thiên văn, Nghiêng - dịch chuyển, Chân d","16MP + f/2.45; Videocall Hỗ trợ gọi điện thoại video (FaceTime hay ứng dụng thứ 3: Zalo, Messenger,...); Chế độ chân dung, Góc nhìn toàn cảnh, Làm đẹp AI, HDR, Nhận diện gương mặt, Bộ lọc màu, Siêu chụp đêm, Hiệu ứng Bokeh; Flash màn hình","Helio G95T; CPU lõi tám nhân, xung nhịp lên đến 2.05GHz; ARM Mali-G76",8GB,128GB,5000 mAh; Li-Po; Sạc nhanh 30W,Dual-SIM (Nano SIM); 2 sim và thêm 1 khe thẻ nhớ
Điện thoại di động Philips Xenium E506 4G,730.000 ₫,2.4 inch 240x320 QVGA TFT-LCD,,,,16MB,16MB,1700 mAh lithium ion battery 3.7V,Dual nano SIM card
Điện thoại di động Philips Xenium E527 4G,880.000 ₫,2.4 inch 240x320 QVGA TFT-LCD; ICGC9306，Shenchao glass,0.3MP VGA；Sensor：GC032A，SPI PIN,,,16MB,24MB,1700mAh 3.7V,Dual Sim
Samsung Galaxy Z Fold 2 5G Phiên bản mùa hè,50.000.000 ₫,"Dynamic AMOLED, phụ: Super AMOLED, Chính 7.59"" & Phụ 6.23"", Full HD+","Chính 12 MP & Phụ 12 MP, 12 MP",10 MP,Snapdragon 865+ 8 nhân,12 GB,256 GB,"Pin chuẩn Li-Po; 4500 mAh, Tiết kiệm pin, Siêu tiết kiệm pin, Sạc pin nhanh, Sạc pin không dây, Sạc ngược không dây",
Samsung Galaxy Z Fold 2,50.000.000 ₫,"Dynamic AMOLED, phụ: Super AMOLED, Chính 7.59"" & Phụ 6.23"", Full HD+","Chính 12 MP & Phụ 12 MP, 12 MP",10 MP,Snapdragon 865+ 8 nhân,12 GB,256 GB,"Pin chuẩn Li-Po; 4500 mAh, Tiết kiệm pin, Siêu tiết kiệm pin, Sạc pin nhanh, Sạc pin không dây, Sạc ngược không dây","1 Nano SIM, Hỗ trợ 5G"
Nokia 110 4G,850.000 ₫,1.8” QQVGA,QQVGA (0.08 MP),,1.8” QQVGA,,128 + 48MB4,1020 mAh| Pin rời | BL-5C,Hai sim | Nano Sim + Nano Sim; chế độ chờ LTE + LTE
Nokia 105 4G,750.000 ₫,1.8” QQVGA,,,Unisoc T107,,128 + 48MB4,1020 mAh| Pin rời | BL-5C,Hai sim | Nano Sim + Nano Sim; chế độ chờ LTE + LTE
ZTE Blade A51 (3/64GB),2.690.000 ₫,"IPS LCD, 6.52 inches, 102.6 cm2 (-81.5% screen-to-body ratio); 720 x 1600 pixels, 20:9 ratio (-269 ppi density)","13MP.AP, 2 MP, LED flash, HDR",5 MP,Unisoc SC9863A (28nm); Octa-core (4x1.6 GHz Cortex-A55 & 4x1.2 GHz Cortex-A55); IMG8322,3 GB,64GB,"Li-Ion 3200 mAh, không rời",Dual SIM (Nano-SIM. dual stand-by)
ZTE Blade A31 Plus (2/32GB),1.990.000 ₫,"IPS LCD, 6.0 inches, 92.9 cm2 (-75.3% screen-to-body ratio); 480 x 960 pixels, 18:9 ratio (-179 ppi density)","5 MP (up-scaled to 8 MP), LED flash, HDR",2 MP (up-scaled to 5 MP),Unisoc SC9863A (28nm); Octa-core (4x1.6 GHz Cortex-A55 & 4x1.2 GHz Cortex-A55); IMG8322,2GB,32GB,"Li-Ion 3000 mAh, không rời","Dual SIM (Nano-SIM, dual stand-by)"
